-- --------------------------------------------------------
-- 호스트:                          127.0.0.1
-- 서버 버전:                        10.6.4-MariaDB - mariadb.org binary distribution
-- 서버 OS:                        Win64
-- HeidiSQL 버전:                  11.3.0.6295
-- --------------------------------------------------------

/*!40101 SET @OLD_CHARACTER_SET_CLIENT=@@CHARACTER_SET_CLIENT */;
/*!40101 SET NAMES utf8 */;
/*!50503 SET NAMES utf8mb4 */;
/*!40014 SET @OLD_FOREIGN_KEY_CHECKS=@@FOREIGN_KEY_CHECKS, FOREIGN_KEY_CHECKS=0 */;
/*!40101 SET @OLD_SQL_MODE=@@SQL_MODE, SQL_MODE='NO_AUTO_VALUE_ON_ZERO' */;
/*!40111 SET @OLD_SQL_NOTES=@@SQL_NOTES, SQL_NOTES=0 */;


-- shop 데이터베이스 구조 내보내기
DROP DATABASE IF EXISTS `shop`;
CREATE DATABASE IF NOT EXISTS `shop` /*!40100 DEFAULT CHARACTER SET utf8mb3 */;
USE `shop`;

-- 테이블 shop.category 구조 내보내기
DROP TABLE IF EXISTS `category`;
CREATE TABLE IF NOT EXISTS `category` (
  `category_name` varchar(200) NOT NULL,
  `category_state` enum('Y','N') NOT NULL DEFAULT 'Y',
  `create_date` datetime NOT NULL,
  `update_date` datetime NOT NULL,
  PRIMARY KEY (`category_name`)
) ENGINE=InnoDB DEFAULT CHARSET=utf8mb3;

-- 테이블 데이터 shop.category:~7 rows (대략적) 내보내기
DELETE FROM `category`;
/*!40000 ALTER TABLE `category` DISABLE KEYS */;
INSERT INTO `category` (`category_name`, `category_state`, `create_date`, `update_date`) VALUES
	('test', 'Y', '2021-10-06 17:47:34', '2021-10-06 17:47:34'),
	('경제', 'Y', '2021-09-23 13:53:53', '2021-09-23 13:53:53'),
	('만화', 'Y', '2021-09-19 14:32:36', '2021-09-19 14:32:35'),
	('소설', 'Y', '2021-09-23 13:54:26', '2021-09-23 13:54:26'),
	('여행', 'N', '2021-09-23 13:54:34', '2021-09-23 13:54:34'),
	('외국어', 'Y', '2021-09-23 13:54:41', '2021-09-23 13:54:41'),
	('판타지', 'Y', '2021-09-19 14:32:15', '2021-09-19 14:32:15');
/*!40000 ALTER TABLE `category` ENABLE KEYS */;

-- 테이블 shop.ebook 구조 내보내기
DROP TABLE IF EXISTS `ebook`;
CREATE TABLE IF NOT EXISTS `ebook` (
  `ebook_no` int(11) NOT NULL AUTO_INCREMENT,
  `ebook_isbn` char(13) NOT NULL,
  `category_name` varchar(50) NOT NULL,
  `ebook_title` varchar(50) NOT NULL,
  `ebook_author` varchar(50) NOT NULL,
  `ebook_company` varchar(50) NOT NULL,
  `ebook_page_count` int(11) NOT NULL,
  `ebook_price` int(11) NOT NULL,
  `ebook_img` varchar(50) NOT NULL,
  `ebook_summary` text NOT NULL,
  `ebook_state` enum('판매중','품절','절판','구편절판') NOT NULL,
  `create_date` datetime NOT NULL,
  `update_date` datetime NOT NULL,
  PRIMARY KEY (`ebook_no`),
  KEY `FK_ebook_category` (`category_name`),
  CONSTRAINT `FK_ebook_category` FOREIGN KEY (`category_name`) REFERENCES `category` (`category_name`) ON DELETE NO ACTION ON UPDATE NO ACTION
) ENGINE=InnoDB AUTO_INCREMENT=1004 DEFAULT CHARSET=utf8mb3;

-- 테이블 데이터 shop.ebook:~1,001 rows (대략적) 내보내기
DELETE FROM `ebook`;
/*!40000 ALTER TABLE `ebook` DISABLE KEYS */;
INSERT INTO `ebook` (`ebook_no`, `ebook_isbn`, `category_name`, `ebook_title`, `ebook_author`, `ebook_company`, `ebook_page_count`, `ebook_price`, `ebook_img`, `ebook_summary`, `ebook_state`, `create_date`, `update_date`) VALUES
	(1, '939959338-X', '만화', 'Alpha', 'Cherice', 'Realblab', 1, 731, 'noimage.jpg', 'dui vel nisl duis ac nibh fusce lacus purus aliquet at feugiat non pretium quis', '절판', '2021-09-03 00:00:00', '2021-09-23 00:00:00'),
	(2, '178769011-3', '소설', 'Veribet', 'Pen', 'Eare', 2, 839, 'noimage.jpg', 'aliquam erat volutpat in congue etiam justo etiam pretium iaculis justo in hac habitasse platea dictumst', '판매중', '2020-11-16 00:00:00', '2021-09-23 00:00:00'),
	(3, '383930194-7', '만화', 'Bitwolf', 'Kris', 'Oyoba', 3, 219, 'noimage.jpg', 'mauris non ligula pellentesque ultrices phasellus id sapien in sapien iaculis congue vivamus metus arcu adipiscing molestie hendrerit', '판매중', '2021-04-24 00:00:00', '2021-09-23 00:00:00'),
	(4, '841373838-5', '소설', 'Bytecard', 'Codie', 'Cogibox', 4, 988, 'noimage.jpg', 'quam sapien varius ut blandit non interdum in ante vestibulum ante ipsum primis', '품절', '2020-11-18 00:00:00', '2021-09-23 00:00:00'),
	(5, '987109977-0', '만화', 'Tresom', 'Adelheid', 'Eire', 5, 247, 'noimage.jpg', 'pellentesque eget nunc donec quis orci eget orci vehicula condimentum curabitur in libero ut massa volutpat convallis', '구편절판', '2021-04-11 00:00:00', '2021-09-23 00:00:00'),
	(6, '430755283-0', '여행', 'Zontrax', 'Lorry', 'Skyba', 6, 154, 'noimage.jpg', 'mauris non ligula pellentesque ultrices phasellus id sapien in sapien iaculis congue vivamus metus', '판매중', '2021-03-08 00:00:00', '2021-09-23 00:00:00'),
	(7, '021290165-6', '외국어', 'Ventosanzap', 'Gae', 'Aimbu', 7, 818, 'noimage.jpg', 'ut erat curabitur gravida nisi at nibh in hac habitasse platea dictumst aliquam', '판매중', '2021-04-22 00:00:00', '2021-09-23 00:00:00'),
	(8, '184104229-3', '외국어', 'Zontrax', 'Elisabet', 'Wikivu', 8, 387, 'noimage.jpg', 'convallis morbi odio odio elementum eu interdum eu tincidunt in leo maecenas pulvinar lobortis est phasellus sit amet erat nulla', '판매중', '2020-11-09 00:00:00', '2021-09-23 00:00:00'),
	(9, '362479126-5', '여행', 'Prodder', 'Luce', 'Realfire', 9, 826, 'noimage.jpg', 'aliquet massa id lobortis convallis tortor risus dapibus augue vel accumsan tellus nisi eu orci', '판매중', '2021-05-27 00:00:00', '2021-09-23 00:00:00'),
	(10, '060893373-2', '여행', 'Pannier', 'Christabella', 'Yacero', 10, 133, 'noimage.jpg', 'nulla tellus in sagittis dui vel nisl duis ac nibh fusce', '절판', '2021-07-28 00:00:00', '2021-09-23 00:00:00'),
	(11, '853447910-0', '외국어', 'Flowdesk', 'Dina', 'Mymm', 11, 687, 'noimage.jpg', 'sed nisl nunc rhoncus dui vel sem sed sagittis nam congue risus semper porta volutpat quam pede', '구편절판', '2021-03-30 00:00:00', '2021-09-23 00:00:00'),
	(12, '018522347-8', '외국어', 'Aerified', 'Serena', 'Photospace', 12, 641, 'noimage.jpg', 'nec nisi vulputate nonummy maecenas tincidunt lacus at velit vivamus vel nulla eget eros elementum', '품절', '2020-11-01 00:00:00', '2021-09-23 00:00:00'),
	(13, '261375366-8', '경제', 'Lotstring', 'Phillis', 'Izio', 13, 170, 'noimage.jpg', 'odio cras mi pede malesuada in imperdiet et commodo vulputate justo in blandit', '판매중', '2020-12-29 00:00:00', '2021-09-23 00:00:00'),
	(14, '470142377-7', '소설', 'Treeflex', 'Vasily', 'Yakidoo', 14, 977, 'noimage.jpg', 'turpis elementum ligula vehicula consequat morbi a ipsum integer a nibh in quis justo maecenas', '절판', '2021-07-27 00:00:00', '2021-09-23 00:00:00'),
	(15, '928337035-X', '외국어', 'Transcof', 'Hestia', 'Izio', 15, 997, 'noimage.jpg', 'ipsum praesent blandit lacinia erat vestibulum sed magna at nunc commodo placerat praesent', '절판', '2020-10-29 00:00:00', '2021-09-23 00:00:00'),
	(16, '322235124-4', '경제', 'Zamit', 'Theobald', 'Teklist', 16, 631, 'noimage.jpg', 'sollicitudin vitae consectetuer eget rutrum at lorem integer tincidunt ante vel ipsum', '절판', '2020-11-30 00:00:00', '2021-09-23 00:00:00'),
	(17, '084011546-6', '소설', 'Quo Lux', 'Cristen', 'Oyope', 17, 883, 'noimage.jpg', 'ante ipsum primis in faucibus orci luctus et ultrices posuere cubilia curae donec pharetra magna', '절판', '2020-12-19 00:00:00', '2021-09-23 00:00:00'),
	(18, '579060770-5', '여행', 'Home Ing', 'Faye', 'Jaxworks', 18, 920, 'noimage.jpg', 'etiam faucibus cursus urna ut tellus nulla ut erat id', '절판', '2021-07-16 00:00:00', '2021-09-23 00:00:00'),
	(19, '332585312-9', '경제', 'Gembucket', 'Laurella', 'Buzzster', 19, 239, 'noimage.jpg', 'vitae mattis nibh ligula nec sem duis aliquam convallis nunc proin at turpis a pede posuere nonummy integer non', '구편절판', '2021-03-13 00:00:00', '2021-09-23 00:00:00'),
	(20, '453464244-X', '소설', 'Flowdesk', 'Shamus', 'Thoughtblab', 20, 713, 'noimage.jpg', 'hac habitasse platea dictumst aliquam augue quam sollicitudin vitae consectetuer eget rutrum at lorem integer', '품절', '2021-08-12 00:00:00', '2021-09-23 00:00:00'),
	(21, '499489966-5', '경제', 'Namfix', 'Dedra', 'Quaxo', 21, 669, 'noimage.jpg', 'amet erat nulla tempus vivamus in felis eu sapien cursus vestibulum proin eu mi nulla ac enim in tempor turpis', '품절', '2020-11-27 00:00:00', '2021-09-23 00:00:00'),
	(22, '597094264-2', '경제', 'Overhold', 'Yehudit', 'Digitube', 22, 686, 'noimage.jpg', 'quis odio consequat varius integer ac leo pellentesque ultrices mattis odio donec vitae nisi nam ultrices libero', '절판', '2021-09-16 00:00:00', '2021-09-23 00:00:00'),
	(23, '721084434-1', '외국어', 'Lotlux', 'Rory', 'Topicshots', 23, 237, 'noimage.jpg', 'lectus in est risus auctor sed tristique in tempus sit amet sem fusce consequat nulla nisl nunc', '구편절판', '2021-06-23 00:00:00', '2021-09-23 00:00:00'),
	(24, '247466813-6', '소설', 'Voltsillam', 'Deerdre', 'Yodo', 24, 867, 'noimage.jpg', 'lectus suspendisse potenti in eleifend quam a odio in hac habitasse platea dictumst maecenas ut massa quis augue luctus tincidunt', '품절', '2021-07-27 00:00:00', '2021-09-23 00:00:00'),
	(25, '628688512-9', '외국어', 'Rank', 'Kerry', 'Demizz', 25, 864, 'noimage.jpg', 'eros suspendisse accumsan tortor quis turpis sed ante vivamus tortor duis mattis egestas metus aenean fermentum donec ut', '품절', '2020-10-20 00:00:00', '2021-09-23 00:00:00'),
	(26, '113576252-X', '소설', 'Transcof', 'Chantalle', 'Photobean', 26, 756, 'noimage.jpg', 'lorem quisque ut erat curabitur gravida nisi at nibh in hac habitasse platea dictumst aliquam augue quam sollicitudin', '판매중', '2021-01-18 00:00:00', '2021-09-23 00:00:00'),
	(27, '459410492-4', '소설', 'Tres-Zap', 'Jewelle', 'Rhyzio', 27, 531, 'noimage.jpg', 'condimentum neque sapien placerat ante nulla justo aliquam quis turpis eget', '판매중', '2020-10-23 00:00:00', '2021-09-23 00:00:00'),
	(28, '690392220-2', '만화', 'Zamit', 'Zacharia', 'Fliptune', 28, 162, 'noimage.jpg', 'in hac habitasse platea dictumst morbi vestibulum velit id pretium iaculis diam erat fermentum justo nec condimentum neque sapien', '품절', '2020-11-06 00:00:00', '2021-09-23 00:00:00'),
	(29, '072358762-0', '소설', 'Keylex', 'Morey', 'Vinte', 29, 451, 'noimage.jpg', 'mauris sit amet eros suspendisse accumsan tortor quis turpis sed ante vivamus tortor duis mattis egestas metus aenean fermentum', '구편절판', '2021-09-18 00:00:00', '2021-09-23 00:00:00'),
	(30, '163804347-7', '소설', 'Transcof', 'Nonie', 'Dazzlesphere', 30, 371, 'noimage.jpg', 'habitasse platea dictumst aliquam augue quam sollicitudin vitae consectetuer eget rutrum at lorem integer tincidunt ante', '구편절판', '2021-03-04 00:00:00', '2021-09-23 00:00:00'),
	(31, '790681342-1', '만화', 'Stim', 'Addi', 'Bubbletube', 31, 766, 'noimage.jpg', 'placerat ante nulla justo aliquam quis turpis eget elit sodales scelerisque mauris sit amet eros suspendisse', '구편절판', '2021-05-26 00:00:00', '2021-09-23 00:00:00'),
	(32, '898326445-4', '외국어', 'Stronghold', 'Carolyne', 'Roombo', 32, 600, 'noimage.jpg', 'nulla elit ac nulla sed vel enim sit amet nunc viverra', '품절', '2020-09-27 00:00:00', '2021-09-23 00:00:00'),
	(33, '120714232-8', '여행', 'Y-find', 'Minetta', 'Skimia', 33, 889, 'noimage.jpg', 'accumsan odio curabitur convallis duis consequat dui nec nisi volutpat', '절판', '2021-02-24 00:00:00', '2021-09-23 00:00:00'),
	(34, '530026831-3', '만화', 'Bitwolf', 'Horatio', 'Leenti', 34, 326, 'noimage.jpg', 'est congue elementum in hac habitasse platea dictumst morbi vestibulum velit id pretium iaculis diam erat fermentum', '절판', '2021-08-21 00:00:00', '2021-09-23 00:00:00'),
	(35, '145872743-2', '여행', 'Kanlam', 'Grete', 'Youspan', 35, 156, 'noimage.jpg', 'vestibulum ante ipsum primis in faucibus orci luctus et ultrices posuere', '판매중', '2021-04-03 00:00:00', '2021-09-23 00:00:00'),
	(36, '401219263-9', '경제', 'Voyatouch', 'Katleen', 'Thoughtbeat', 36, 160, 'noimage.jpg', 'nulla pede ullamcorper augue a suscipit nulla elit ac nulla sed', '구편절판', '2021-09-21 00:00:00', '2021-09-23 00:00:00'),
	(37, '541392078-4', '외국어', 'Toughjoyfax', 'Luciano', 'Shufflester', 37, 473, 'noimage.jpg', 'aenean auctor gravida sem praesent id massa id nisl venenatis lacinia aenean sit amet justo morbi', '판매중', '2021-05-27 00:00:00', '2021-09-23 00:00:00'),
	(38, '933294601-9', '소설', 'Trippledex', 'Iolanthe', 'Muxo', 38, 201, 'noimage.jpg', 'justo in hac habitasse platea dictumst etiam faucibus cursus urna', '절판', '2020-10-04 00:00:00', '2021-09-23 00:00:00'),
	(39, '034701057-1', '여행', 'Regrant', 'Ethelyn', 'Shuffledrive', 39, 415, 'noimage.jpg', 'sit amet cursus id turpis integer aliquet massa id lobortis convallis tortor risus dapibus augue vel accumsan tellus nisi', '구편절판', '2021-06-20 00:00:00', '2021-09-23 00:00:00'),
	(40, '215773811-8', '경제', 'Tampflex', 'Allyn', 'Topicware', 40, 711, 'noimage.jpg', 'curabitur convallis duis consequat dui nec nisi volutpat eleifend donec ut dolor morbi vel lectus in quam', '구편절판', '2021-05-15 00:00:00', '2021-09-23 00:00:00'),
	(41, '050240639-9', '외국어', 'Lotstring', 'Marijn', 'Edgewire', 41, 389, 'noimage.jpg', 'in lacus curabitur at ipsum ac tellus semper interdum mauris ullamcorper purus sit amet nulla', '절판', '2021-04-01 00:00:00', '2021-09-23 00:00:00'),
	(42, '754150111-5', '여행', 'Latlux', 'Tabbatha', 'Photobean', 42, 795, 'noimage.jpg', 'semper est quam pharetra magna ac consequat metus sapien ut nunc vestibulum ante ipsum primis', '판매중', '2021-04-17 00:00:00', '2021-09-23 00:00:00'),
	(43, '537344458-8', '외국어', 'Duobam', 'Sarge', 'Chatterpoint', 43, 507, 'noimage.jpg', 'tincidunt eget tempus vel pede morbi porttitor lorem id ligula suspendisse ornare consequat', '품절', '2021-07-18 00:00:00', '2021-09-23 00:00:00'),
	(44, '144509683-8', '만화', 'Lotstring', 'Anjela', 'Gabtune', 44, 959, 'noimage.jpg', 'proin risus praesent lectus vestibulum quam sapien varius ut blandit non interdum in ante vestibulum ante', '판매중', '2021-05-14 00:00:00', '2021-09-23 00:00:00'),
	(45, '462070980-8', '만화', 'Otcom', 'Briant', 'Myworks', 45, 568, 'noimage.jpg', 'odio in hac habitasse platea dictumst maecenas ut massa quis augue luctus tincidunt nulla mollis molestie', '절판', '2021-06-26 00:00:00', '2021-09-23 00:00:00'),
	(46, '947890646-1', '외국어', 'Tampflex', 'Petra', 'Topicware', 46, 867, 'noimage.jpg', 'consequat metus sapien ut nunc vestibulum ante ipsum primis in', '절판', '2021-07-30 00:00:00', '2021-09-23 00:00:00'),
	(47, '948850664-4', '외국어', 'Hatity', 'Sergeant', 'Skippad', 47, 422, 'noimage.jpg', 'adipiscing elit proin interdum mauris non ligula pellentesque ultrices phasellus id sapien in sapien iaculis congue', '품절', '2021-09-04 00:00:00', '2021-09-23 00:00:00'),
	(48, '889592850-4', '외국어', 'Bytecard', 'Benyamin', 'Dazzlesphere', 48, 107, 'noimage.jpg', 'enim leo rhoncus sed vestibulum sit amet cursus id turpis', '절판', '2021-05-28 00:00:00', '2021-09-23 00:00:00'),
	(49, '386874501-7', '여행', 'Zoolab', 'Rickey', 'Wordify', 49, 592, 'noimage.jpg', 'nunc commodo placerat praesent blandit nam nulla integer pede justo lacinia eget tincidunt eget tempus vel pede morbi porttitor', '절판', '2021-08-16 00:00:00', '2021-09-23 00:00:00'),
	(50, '747359904-6', '여행', 'Y-Solowarm', 'Korey', 'Centizu', 50, 635, 'noimage.jpg', 'nulla sed vel enim sit amet nunc viverra dapibus nulla suscipit ligula in lacus curabitur at ipsum', '판매중', '2021-01-25 00:00:00', '2021-09-23 00:00:00'),
	(51, '995523878-X', '소설', 'Alphazap', 'Dalila', 'Jabberstorm', 51, 972, 'noimage.jpg', 'pede justo lacinia eget tincidunt eget tempus vel pede morbi porttitor lorem id ligula suspendisse ornare consequat lectus', '절판', '2021-07-12 00:00:00', '2021-09-23 00:00:00'),
	(52, '274060586-2', '경제', 'Fintone', 'Riobard', 'Dabfeed', 52, 171, 'noimage.jpg', 'amet sem fusce consequat nulla nisl nunc nisl duis bibendum felis sed interdum venenatis turpis enim blandit', '판매중', '2021-03-18 00:00:00', '2021-09-23 00:00:00'),
	(53, '128103020-1', '외국어', 'Tresom', 'Chauncey', 'Skipfire', 53, 290, 'noimage.jpg', 'sed nisl nunc rhoncus dui vel sem sed sagittis nam congue risus semper porta volutpat quam pede lobortis ligula sit', '판매중', '2020-11-25 00:00:00', '2021-09-23 00:00:00'),
	(54, '900044411-X', '외국어', 'Tres-Zap', 'Brod', 'Photospace', 54, 477, 'noimage.jpg', 'interdum mauris non ligula pellentesque ultrices phasellus id sapien in sapien iaculis congue', '판매중', '2020-10-01 00:00:00', '2021-09-23 00:00:00'),
	(55, '453327886-8', '외국어', 'Cookley', 'Rachelle', 'Kimia', 55, 300, 'noimage.jpg', 'odio curabitur convallis duis consequat dui nec nisi volutpat eleifend donec ut dolor morbi vel lectus in quam', '구편절판', '2021-05-27 00:00:00', '2021-09-23 00:00:00'),
	(56, '300741021-5', '소설', 'Temp', 'Leanna', 'Gevee', 56, 948, 'noimage.jpg', 'in hac habitasse platea dictumst etiam faucibus cursus urna ut tellus nulla ut erat id mauris vulputate elementum nullam', '판매중', '2021-04-13 00:00:00', '2021-09-23 00:00:00'),
	(57, '493870515-X', '외국어', 'Konklab', 'Coreen', 'Topicware', 57, 369, 'noimage.jpg', 'quam pede lobortis ligula sit amet eleifend pede libero quis orci nullam molestie nibh in lectus pellentesque at nulla', '절판', '2021-06-22 00:00:00', '2021-09-23 00:00:00'),
	(58, '091907746-3', '만화', 'Matsoft', 'Kimberley', 'Realblab', 58, 596, 'noimage.jpg', 'ultrices posuere cubilia curae duis faucibus accumsan odio curabitur convallis duis consequat dui', '구편절판', '2021-07-19 00:00:00', '2021-09-23 00:00:00'),
	(59, '797441889-3', '경제', 'Zaam-Dox', 'Sharona', 'Gabvine', 59, 912, 'noimage.jpg', 'primis in faucibus orci luctus et ultrices posuere cubilia curae duis', '절판', '2021-08-19 00:00:00', '2021-09-23 00:00:00'),
	(60, '277300021-8', '소설', 'Treeflex', 'Noni', 'Avamm', 60, 330, 'noimage.jpg', 'risus dapibus augue vel accumsan tellus nisi eu orci mauris lacinia sapien quis libero nullam', '구편절판', '2021-03-26 00:00:00', '2021-09-23 00:00:00'),
	(61, '305740485-5', '경제', 'Keylex', 'Merola', 'JumpXS', 61, 454, 'noimage.jpg', 'nulla facilisi cras non velit nec nisi vulputate nonummy maecenas tincidunt lacus at velit vivamus vel nulla', '절판', '2021-05-12 00:00:00', '2021-09-23 00:00:00'),
	(62, '828053699-X', '소설', 'Trippledex', 'Andie', 'Skipfire', 62, 476, 'noimage.jpg', 'amet cursus id turpis integer aliquet massa id lobortis convallis tortor', '품절', '2020-10-29 00:00:00', '2021-09-23 00:00:00'),
	(63, '395500003-6', '여행', 'Temp', 'Woodman', 'Dynava', 63, 870, 'noimage.jpg', 'massa tempor convallis nulla neque libero convallis eget eleifend luctus ultricies eu nibh quisque', '구편절판', '2021-05-03 00:00:00', '2021-09-23 00:00:00'),
	(64, '324736671-7', '외국어', 'Sonsing', 'Mario', 'Skimia', 64, 829, 'noimage.jpg', 'velit eu est congue elementum in hac habitasse platea dictumst morbi vestibulum velit id pretium iaculis diam erat', '판매중', '2020-12-22 00:00:00', '2021-09-23 00:00:00'),
	(65, '836132447-X', '외국어', 'Zoolab', 'Verene', 'Fivechat', 65, 886, 'noimage.jpg', 'a ipsum integer a nibh in quis justo maecenas rhoncus aliquam lacus morbi quis tortor id nulla ultrices aliquet maecenas', '품절', '2021-02-14 00:00:00', '2021-09-23 00:00:00'),
	(66, '706659625-0', '만화', 'Fintone', 'Nessi', 'Vimbo', 66, 559, 'noimage.jpg', 'rutrum ac lobortis vel dapibus at diam nam tristique tortor eu', '절판', '2020-12-27 00:00:00', '2021-09-23 00:00:00'),
	(67, '811581429-6', '외국어', 'Flexidy', 'Martyn', 'Jamia', 67, 983, 'noimage.jpg', 'mauris enim leo rhoncus sed vestibulum sit amet cursus id turpis integer', '절판', '2021-03-07 00:00:00', '2021-09-23 00:00:00'),
	(68, '499885182-9', '외국어', 'Duobam', 'Dareen', 'Twimm', 68, 548, 'noimage.jpg', 'venenatis non sodales sed tincidunt eu felis fusce posuere felis sed lacus morbi sem mauris laoreet ut rhoncus aliquet', '판매중', '2021-02-11 00:00:00', '2021-09-23 00:00:00'),
	(69, '838175173-X', '경제', 'Vagram', 'Emmerich', 'Browsetype', 69, 709, 'noimage.jpg', 'pretium iaculis diam erat fermentum justo nec condimentum neque sapien placerat ante nulla justo aliquam quis turpis eget elit', '판매중', '2021-03-27 00:00:00', '2021-09-23 00:00:00'),
	(70, '228903497-5', '소설', 'Regrant', 'Kittie', 'Skajo', 70, 328, 'noimage.jpg', 'vel accumsan tellus nisi eu orci mauris lacinia sapien quis libero nullam', '품절', '2020-12-25 00:00:00', '2021-09-23 00:00:00'),
	(71, '964895630-8', '여행', 'Asoka', 'Ainsley', 'Talane', 71, 834, 'noimage.jpg', 'ante ipsum primis in faucibus orci luctus et ultrices posuere cubilia curae', '품절', '2021-07-06 00:00:00', '2021-09-23 00:00:00'),
	(72, '566857479-2', '경제', 'Fintone', 'Brigham', 'Katz', 72, 515, 'noimage.jpg', 'faucibus orci luctus et ultrices posuere cubilia curae nulla dapibus dolor vel est donec odio justo sollicitudin ut', '절판', '2021-06-10 00:00:00', '2021-09-23 00:00:00'),
	(73, '526151014-7', '여행', 'Zamit', 'Quentin', 'Rhyloo', 73, 305, 'noimage.jpg', 'turpis donec posuere metus vitae ipsum aliquam non mauris morbi', '품절', '2020-11-19 00:00:00', '2021-09-23 00:00:00'),
	(74, '487451166-X', '경제', 'Stringtough', 'Barb', 'Dynabox', 74, 704, 'noimage.jpg', 'luctus rutrum nulla tellus in sagittis dui vel nisl duis ac nibh fusce lacus purus aliquet at feugiat non pretium', '절판', '2020-12-16 00:00:00', '2021-09-23 00:00:00'),
	(75, '052583482-6', '만화', 'Span', 'Perren', 'Skyvu', 75, 787, 'noimage.jpg', 'nulla ultrices aliquet maecenas leo odio condimentum id luctus nec molestie', '절판', '2021-04-15 00:00:00', '2021-09-23 00:00:00'),
	(76, '114212090-2', '외국어', 'Konklab', 'Byrann', 'Devpoint', 76, 738, 'noimage.jpg', 'amet nunc viverra dapibus nulla suscipit ligula in lacus curabitur at ipsum ac tellus semper interdum mauris ullamcorper purus', '구편절판', '2020-10-30 00:00:00', '2021-09-23 00:00:00'),
	(77, '052105372-2', '소설', 'Trippledex', 'Flore', 'Mycat', 77, 377, 'noimage.jpg', 'cubilia curae duis faucibus accumsan odio curabitur convallis duis consequat dui nec nisi volutpat eleifend donec ut dolor morbi vel', '품절', '2021-07-31 00:00:00', '2021-09-23 00:00:00'),
	(78, '621261447-4', '만화', 'Temp', 'Leese', 'Tagchat', 78, 645, 'noimage.jpg', 'ornare consequat lectus in est risus auctor sed tristique in tempus sit amet sem fusce consequat nulla nisl nunc', '품절', '2021-01-09 00:00:00', '2021-09-23 00:00:00'),
	(79, '781189222-7', '소설', 'Matsoft', 'Johny', 'Realbuzz', 79, 868, 'noimage.jpg', 'ut volutpat sapien arcu sed augue aliquam erat volutpat in congue etiam justo etiam pretium iaculis justo in hac habitasse', '품절', '2021-02-16 00:00:00', '2021-09-23 00:00:00'),
	(80, '681205227-2', '여행', 'Lotlux', 'Kincaid', 'Wordtune', 80, 692, 'noimage.jpg', 'auctor sed tristique in tempus sit amet sem fusce consequat nulla nisl nunc nisl duis bibendum', '품절', '2021-09-20 00:00:00', '2021-09-23 00:00:00'),
	(81, '453975166-2', '소설', 'Holdlamis', 'John', 'Skiptube', 81, 659, 'noimage.jpg', 'aliquam non mauris morbi non lectus aliquam sit amet diam in magna bibendum', '구편절판', '2021-07-05 00:00:00', '2021-09-23 00:00:00'),
	(82, '430531526-2', '여행', 'Home Ing', 'Alden', 'Linkbridge', 82, 462, 'noimage.jpg', 'fusce lacus purus aliquet at feugiat non pretium quis lectus suspendisse potenti in eleifend quam a odio in', '절판', '2020-10-30 00:00:00', '2021-09-23 00:00:00'),
	(83, '595587853-X', '경제', 'Keylex', 'Quent', 'Talane', 83, 916, 'noimage.jpg', 'vitae nisi nam ultrices libero non mattis pulvinar nulla pede ullamcorper augue a suscipit nulla elit ac nulla', '절판', '2020-11-19 00:00:00', '2021-09-23 00:00:00'),
	(84, '321488371-2', '경제', 'Hatity', 'Mackenzie', 'Yacero', 84, 112, 'noimage.jpg', 'morbi non lectus aliquam sit amet diam in magna bibendum', '구편절판', '2021-04-27 00:00:00', '2021-09-23 00:00:00'),
	(85, '099821102-8', '소설', 'Quo Lux', 'Ryann', 'Vinte', 85, 563, 'noimage.jpg', 'elit ac nulla sed vel enim sit amet nunc viverra dapibus nulla suscipit', '판매중', '2021-05-30 00:00:00', '2021-09-23 00:00:00'),
	(86, '178625622-3', '만화', 'Subin', 'Brett', 'Blogspan', 86, 536, 'noimage.jpg', 'dictumst etiam faucibus cursus urna ut tellus nulla ut erat id mauris vulputate elementum nullam varius nulla facilisi cras', '품절', '2020-09-26 00:00:00', '2021-09-23 00:00:00'),
	(87, '183856467-5', '외국어', 'Overhold', 'Rowney', 'Myworks', 87, 981, 'noimage.jpg', 'integer pede justo lacinia eget tincidunt eget tempus vel pede morbi', '판매중', '2020-12-05 00:00:00', '2021-09-23 00:00:00'),
	(88, '988693098-5', '여행', 'Voyatouch', 'Lavinia', 'Feedmix', 88, 938, 'noimage.jpg', 'libero rutrum ac lobortis vel dapibus at diam nam tristique', '판매중', '2021-07-29 00:00:00', '2021-09-23 00:00:00'),
	(89, '774158994-6', '소설', 'Veribet', 'Briant', 'Dablist', 89, 256, 'noimage.jpg', 'condimentum id luctus nec molestie sed justo pellentesque viverra pede ac diam cras pellentesque', '판매중', '2020-10-16 00:00:00', '2021-09-23 00:00:00'),
	(90, '471332833-2', '만화', 'Prodder', 'Tania', 'Meemm', 90, 946, 'noimage.jpg', 'massa quis augue luctus tincidunt nulla mollis molestie lorem quisque ut erat curabitur gravida nisi at nibh in hac', '절판', '2020-10-17 00:00:00', '2021-09-23 00:00:00'),
	(91, '463737663-7', '소설', 'Hatity', 'Neilla', 'Mydeo', 91, 508, 'noimage.jpg', 'potenti cras in purus eu magna vulputate luctus cum sociis natoque penatibus', '구편절판', '2020-11-14 00:00:00', '2021-09-23 00:00:00'),
	(92, '171922921-X', '소설', 'Zoolab', 'Kin', 'Oba', 92, 815, 'noimage.jpg', 'fusce consequat nulla nisl nunc nisl duis bibendum felis sed interdum venenatis turpis enim', '품절', '2020-10-09 00:00:00', '2021-09-23 00:00:00'),
	(93, '948806961-9', '만화', 'Solarbreeze', 'Johnathan', 'Topicblab', 93, 926, 'noimage.jpg', 'eget tempus vel pede morbi porttitor lorem id ligula suspendisse ornare consequat lectus in est risus auctor sed', '절판', '2021-01-26 00:00:00', '2021-09-23 00:00:00'),
	(94, '121772705-1', '소설', 'Tampflex', 'Greta', 'Thoughtblab', 94, 222, 'noimage.jpg', 'rhoncus sed vestibulum sit amet cursus id turpis integer aliquet massa id lobortis convallis', '품절', '2020-12-24 00:00:00', '2021-09-23 00:00:00'),
	(95, '385101985-7', '경제', 'Alphazap', 'Pat', 'Brainbox', 95, 970, 'noimage.jpg', 'hendrerit at vulputate vitae nisl aenean lectus pellentesque eget nunc', '절판', '2021-09-11 00:00:00', '2021-09-23 00:00:00'),
	(96, '199726433-1', '여행', 'Cookley', 'Odetta', 'Youfeed', 96, 226, 'noimage.jpg', 'sociis natoque penatibus et magnis dis parturient montes nascetur ridiculus mus vivamus vestibulum sagittis sapien cum sociis natoque', '구편절판', '2021-06-18 00:00:00', '2021-09-23 00:00:00'),
	(97, '833085079-X', '만화', 'Veribet', 'Ad', 'Skaboo', 97, 462, 'noimage.jpg', 'euismod scelerisque quam turpis adipiscing lorem vitae mattis nibh ligula', '판매중', '2021-07-29 00:00:00', '2021-09-23 00:00:00'),
	(98, '451355714-1', '소설', 'Tin', 'Milty', 'Photojam', 98, 515, 'noimage.jpg', 'amet sapien dignissim vestibulum vestibulum ante ipsum primis in faucibus orci luctus et ultrices posuere', '절판', '2021-03-10 00:00:00', '2021-09-23 00:00:00'),
	(99, '000985664-1', '만화', 'Mat Lam Tam', 'Giordano', 'Innojam', 99, 751, 'noimage.jpg', 'dui nec nisi volutpat eleifend donec ut dolor morbi vel lectus in', '구편절판', '2020-10-21 00:00:00', '2021-09-23 00:00:00'),
	(100, '526044377-2', '경제', 'Prodder', 'Conny', 'Roodel', 100, 639, 'noimage.jpg', 'lectus in quam fringilla rhoncus mauris enim leo rhoncus sed vestibulum sit amet cursus id turpis integer aliquet', '판매중', '2020-12-13 00:00:00', '2021-09-23 00:00:00'),
	(101, '963435493-9', '소설', 'Cookley', 'Cecilius', 'Skyndu', 101, 438, 'noimage.jpg', 'adipiscing molestie hendrerit at vulputate vitae nisl aenean lectus pellentesque eget', '품절', '2021-05-26 00:00:00', '2021-09-23 00:00:00'),
	(102, '406071983-8', '소설', 'Lotstring', 'Bay', 'Realpoint', 102, 624, 'noimage.jpg', 'nullam porttitor lacus at turpis donec posuere metus vitae ipsum aliquam', '판매중', '2021-09-13 00:00:00', '2021-09-23 00:00:00'),
	(103, '926931875-3', '소설', 'Rank', 'Lira', 'DabZ', 103, 181, 'noimage.jpg', 'nec condimentum neque sapien placerat ante nulla justo aliquam quis turpis', '구편절판', '2020-10-15 00:00:00', '2021-09-23 00:00:00'),
	(104, '064485377-8', '외국어', 'Tresom', 'Ardyth', 'Photobean', 104, 747, 'noimage.jpg', 'rutrum at lorem integer tincidunt ante vel ipsum praesent blandit lacinia erat vestibulum sed magna at nunc commodo', '절판', '2021-01-28 00:00:00', '2021-09-23 00:00:00'),
	(105, '763710689-6', '외국어', 'Treeflex', 'Lorinda', 'Layo', 105, 411, 'noimage.jpg', 'suspendisse ornare consequat lectus in est risus auctor sed tristique in tempus', '품절', '2021-05-30 00:00:00', '2021-09-23 00:00:00'),
	(106, '509716122-X', '외국어', 'Viva', 'Dehlia', 'Trilith', 106, 139, 'noimage.jpg', 'tortor id nulla ultrices aliquet maecenas leo odio condimentum id luctus nec molestie sed', '구편절판', '2021-06-22 00:00:00', '2021-09-23 00:00:00'),
	(107, '057939600-2', '경제', 'Zoolab', 'Evangelia', 'Eare', 107, 845, 'noimage.jpg', 'sollicitudin mi sit amet lobortis sapien sapien non mi integer ac neque duis bibendum morbi non quam', '구편절판', '2021-05-08 00:00:00', '2021-09-23 00:00:00'),
	(108, '030522207-4', '외국어', 'Vagram', 'Wolfie', 'Feednation', 108, 596, 'noimage.jpg', 'phasellus in felis donec semper sapien a libero nam dui proin leo odio', '판매중', '2021-02-10 00:00:00', '2021-09-23 00:00:00'),
	(109, '705645907-2', '소설', 'Tampflex', 'Hunt', 'Miboo', 109, 997, 'noimage.jpg', 'turpis enim blandit mi in porttitor pede justo eu massa donec dapibus duis at velit', '구편절판', '2020-11-28 00:00:00', '2021-09-23 00:00:00'),
	(110, '558825304-3', '여행', 'Konklux', 'Jarred', 'Skibox', 110, 530, 'noimage.jpg', 'in blandit ultrices enim lorem ipsum dolor sit amet consectetuer adipiscing', '품절', '2021-06-17 00:00:00', '2021-09-23 00:00:00'),
	(111, '202038668-2', '만화', 'Domainer', 'Arman', 'Topicshots', 111, 337, 'noimage.jpg', 'quisque porta volutpat erat quisque erat eros viverra eget congue eget semper rutrum', '절판', '2021-08-10 00:00:00', '2021-09-23 00:00:00'),
	(112, '233011954-2', '경제', 'Voltsillam', 'Eula', 'Pixoboo', 112, 501, 'noimage.jpg', 'eu mi nulla ac enim in tempor turpis nec euismod scelerisque quam turpis adipiscing lorem vitae mattis nibh', '구편절판', '2020-11-08 00:00:00', '2021-09-23 00:00:00'),
	(113, '996384743-9', '경제', 'Viva', 'Clyve', 'Wordpedia', 113, 144, 'noimage.jpg', 'nibh in hac habitasse platea dictumst aliquam augue quam sollicitudin vitae consectetuer eget rutrum at lorem integer', '판매중', '2021-08-14 00:00:00', '2021-09-23 00:00:00'),
	(114, '134794186-X', '경제', 'Sonair', 'Ennis', 'Tagcat', 114, 391, 'noimage.jpg', 'vel est donec odio justo sollicitudin ut suscipit a feugiat', '구편절판', '2021-09-12 00:00:00', '2021-09-23 00:00:00'),
	(115, '221852474-0', '경제', 'Tres-Zap', 'Zane', 'Kwinu', 115, 272, 'noimage.jpg', 'eget tempus vel pede morbi porttitor lorem id ligula suspendisse ornare consequat lectus', '구편절판', '2020-11-13 00:00:00', '2021-09-23 00:00:00'),
	(116, '240199134-4', '외국어', 'Pannier', 'Tadio', 'Zooxo', 116, 604, 'noimage.jpg', 'in purus eu magna vulputate luctus cum sociis natoque penatibus et magnis dis parturient', '판매중', '2021-09-14 00:00:00', '2021-09-23 00:00:00'),
	(117, '782757601-X', '외국어', 'Cookley', 'Genna', 'Twitternation', 117, 213, 'noimage.jpg', 'mattis nibh ligula nec sem duis aliquam convallis nunc proin', '절판', '2021-03-06 00:00:00', '2021-09-23 00:00:00'),
	(118, '873427748-X', '소설', 'Transcof', 'Arlyn', 'Twiyo', 118, 607, 'noimage.jpg', 'vitae nisi nam ultrices libero non mattis pulvinar nulla pede ullamcorper augue a', '구편절판', '2021-05-25 00:00:00', '2021-09-23 00:00:00'),
	(119, '216745719-7', '경제', 'Home Ing', 'Lazar', 'Miboo', 119, 642, 'noimage.jpg', 'facilisi cras non velit nec nisi vulputate nonummy maecenas tincidunt lacus at velit vivamus', '품절', '2021-05-09 00:00:00', '2021-09-23 00:00:00'),
	(120, '812788574-6', '소설', 'Transcof', 'Tiffie', 'Gigabox', 120, 218, 'noimage.jpg', 'purus phasellus in felis donec semper sapien a libero nam dui proin leo odio', '절판', '2021-05-03 00:00:00', '2021-09-23 00:00:00'),
	(121, '785628559-1', '외국어', 'Domainer', 'Rooney', 'Realcube', 121, 255, 'noimage.jpg', 'volutpat eleifend donec ut dolor morbi vel lectus in quam fringilla rhoncus mauris enim leo rhoncus sed vestibulum sit amet', '절판', '2020-12-25 00:00:00', '2021-09-23 00:00:00'),
	(122, '277104347-5', '여행', 'Voltsillam', 'Dora', 'Skiptube', 122, 856, 'noimage.jpg', 'nisl venenatis lacinia aenean sit amet justo morbi ut odio cras', '판매중', '2021-03-11 00:00:00', '2021-09-23 00:00:00'),
	(123, '085239869-7', '외국어', 'Cardify', 'Alice', 'Yamia', 123, 176, 'noimage.jpg', 'curae donec pharetra magna vestibulum aliquet ultrices erat tortor sollicitudin', '구편절판', '2020-10-08 00:00:00', '2021-09-23 00:00:00'),
	(124, '862222510-0', '여행', 'Zoolab', 'Cyrillus', 'Tagpad', 124, 833, 'noimage.jpg', 'sapien dignissim vestibulum vestibulum ante ipsum primis in faucibus orci', '구편절판', '2021-09-12 00:00:00', '2021-09-23 00:00:00'),
	(125, '729001671-8', '만화', 'Bigtax', 'Delcine', 'Realfire', 125, 753, 'noimage.jpg', 'varius ut blandit non interdum in ante vestibulum ante ipsum primis in', '구편절판', '2021-09-04 00:00:00', '2021-09-23 00:00:00'),
	(126, '911524575-6', '소설', 'Solarbreeze', 'Leighton', 'Wikido', 126, 782, 'noimage.jpg', 'orci nullam molestie nibh in lectus pellentesque at nulla suspendisse potenti cras in purus eu magna vulputate luctus cum sociis', '품절', '2020-11-12 00:00:00', '2021-09-23 00:00:00'),
	(127, '944867420-1', '외국어', 'Subin', 'Brendan', 'Yakitri', 127, 847, 'noimage.jpg', 'risus semper porta volutpat quam pede lobortis ligula sit amet eleifend pede libero quis orci nullam molestie nibh in lectus', '품절', '2021-08-06 00:00:00', '2021-09-23 00:00:00'),
	(128, '110538740-2', '외국어', 'Matsoft', 'Othilie', 'Skiba', 128, 144, 'noimage.jpg', 'interdum in ante vestibulum ante ipsum primis in faucibus orci', '품절', '2021-02-11 00:00:00', '2021-09-23 00:00:00'),
	(129, '198215730-5', '소설', 'Viva', 'Nariko', 'Roomm', 129, 865, 'noimage.jpg', 'viverra diam vitae quam suspendisse potenti nullam porttitor lacus at turpis donec posuere metus vitae ipsum aliquam non', '판매중', '2021-08-28 00:00:00', '2021-09-23 00:00:00'),
	(130, '549360592-9', '만화', 'Rank', 'Adelaide', 'Twitterwire', 130, 422, 'noimage.jpg', 'amet eros suspendisse accumsan tortor quis turpis sed ante vivamus tortor duis mattis egestas metus aenean', '품절', '2020-11-03 00:00:00', '2021-09-23 00:00:00'),
	(131, '803434855-4', '만화', 'Tres-Zap', 'Cristen', 'Skyvu', 131, 735, 'noimage.jpg', 'ut nunc vestibulum ante ipsum primis in faucibus orci luctus et ultrices posuere cubilia curae mauris', '구편절판', '2020-12-29 00:00:00', '2021-09-23 00:00:00'),
	(132, '280445675-7', '소설', 'Keylex', 'Flore', 'Flashdog', 132, 327, 'noimage.jpg', 'velit donec diam neque vestibulum eget vulputate ut ultrices vel', '구편절판', '2021-08-02 00:00:00', '2021-09-23 00:00:00'),
	(133, '814355910-6', '여행', 'Prodder', 'Rochester', 'Eabox', 133, 307, 'noimage.jpg', 'eleifend quam a odio in hac habitasse platea dictumst maecenas ut massa quis augue luctus', '품절', '2020-12-14 00:00:00', '2021-09-23 00:00:00'),
	(134, '236212768-0', '경제', 'Konklab', 'Auroora', 'Zoombox', 134, 946, 'noimage.jpg', 'hendrerit at vulputate vitae nisl aenean lectus pellentesque eget nunc donec quis orci eget orci vehicula condimentum curabitur in', '구편절판', '2021-02-27 00:00:00', '2021-09-23 00:00:00'),
	(135, '269178093-7', '여행', 'Sonair', 'Mirabel', 'Zoonder', 135, 302, 'noimage.jpg', 'ante ipsum primis in faucibus orci luctus et ultrices posuere', '구편절판', '2020-10-12 00:00:00', '2021-09-23 00:00:00'),
	(136, '379123989-9', '만화', 'Sub-Ex', 'Clemens', 'Fliptune', 136, 480, 'noimage.jpg', 'pulvinar lobortis est phasellus sit amet erat nulla tempus vivamus in felis eu sapien cursus vestibulum proin', '절판', '2021-07-15 00:00:00', '2021-09-23 00:00:00'),
	(137, '734851554-1', '경제', 'Voltsillam', 'Sophia', 'Voolith', 137, 396, 'noimage.jpg', 'in est risus auctor sed tristique in tempus sit amet sem', '구편절판', '2020-11-20 00:00:00', '2021-09-23 00:00:00'),
	(138, '214389449-X', '외국어', 'Bitchip', 'Gerry', 'Divape', 138, 922, 'noimage.jpg', 'odio justo sollicitudin ut suscipit a feugiat et eros vestibulum ac est lacinia nisi venenatis tristique fusce', '구편절판', '2021-01-18 00:00:00', '2021-09-23 00:00:00'),
	(139, '950068511-6', '경제', 'Zoolab', 'Aline', 'Skinix', 139, 904, 'noimage.jpg', 'aenean auctor gravida sem praesent id massa id nisl venenatis lacinia aenean sit amet justo morbi', '절판', '2021-03-14 00:00:00', '2021-09-23 00:00:00'),
	(140, '717635335-2', '만화', 'Y-find', 'Westley', 'Meejo', 140, 230, 'noimage.jpg', 'faucibus orci luctus et ultrices posuere cubilia curae donec pharetra magna vestibulum aliquet', '품절', '2020-10-18 00:00:00', '2021-09-23 00:00:00'),
	(141, '676535761-0', '여행', 'Konklab', 'Lowell', 'Layo', 141, 461, 'noimage.jpg', 'orci nullam molestie nibh in lectus pellentesque at nulla suspendisse potenti cras in purus eu magna vulputate luctus', '품절', '2021-05-13 00:00:00', '2021-09-23 00:00:00'),
	(142, '690576028-5', '여행', 'Home Ing', 'Dorolice', 'Livetube', 142, 620, 'noimage.jpg', 'vulputate justo in blandit ultrices enim lorem ipsum dolor sit amet', '품절', '2020-11-11 00:00:00', '2021-09-23 00:00:00'),
	(143, '327908850-X', '외국어', 'It', 'Gianina', 'Tagcat', 143, 582, 'noimage.jpg', 'erat curabitur gravida nisi at nibh in hac habitasse platea dictumst aliquam augue quam sollicitudin vitae', '품절', '2021-09-19 00:00:00', '2021-09-23 00:00:00'),
	(144, '409496773-7', '외국어', 'Duobam', 'Willette', 'Buzzbean', 144, 855, 'noimage.jpg', 'est risus auctor sed tristique in tempus sit amet sem fusce consequat nulla nisl nunc nisl duis', '구편절판', '2021-01-11 00:00:00', '2021-09-23 00:00:00'),
	(145, '629981686-4', '여행', 'Zaam-Dox', 'Marena', 'Rhynyx', 145, 769, 'noimage.jpg', 'montes nascetur ridiculus mus etiam vel augue vestibulum rutrum rutrum neque aenean', '품절', '2021-07-08 00:00:00', '2021-09-23 00:00:00'),
	(146, '522879828-5', '외국어', 'Overhold', 'Nicolai', 'Photolist', 146, 296, 'noimage.jpg', 'id consequat in consequat ut nulla sed accumsan felis ut at dolor quis odio consequat varius integer', '구편절판', '2021-03-31 00:00:00', '2021-09-23 00:00:00'),
	(147, '318240168-8', '만화', 'Tempsoft', 'Zachery', 'Jaxbean', 147, 591, 'noimage.jpg', 'amet erat nulla tempus vivamus in felis eu sapien cursus vestibulum proin eu', '구편절판', '2020-11-08 00:00:00', '2021-09-23 00:00:00'),
	(148, '529340718-X', '경제', 'Bitwolf', 'Nicoli', 'Meemm', 148, 296, 'noimage.jpg', 'nisl nunc rhoncus dui vel sem sed sagittis nam congue risus semper porta volutpat quam pede', '품절', '2020-11-07 00:00:00', '2021-09-23 00:00:00'),
	(149, '062297423-8', '경제', 'Aerified', 'Eugenie', 'Devcast', 149, 731, 'noimage.jpg', 'in hac habitasse platea dictumst morbi vestibulum velit id pretium iaculis diam erat fermentum justo', '판매중', '2020-09-24 00:00:00', '2021-09-23 00:00:00'),
	(150, '999084556-5', '여행', 'Domainer', 'Helyn', 'Oodoo', 150, 146, 'noimage.jpg', 'arcu adipiscing molestie hendrerit at vulputate vitae nisl aenean lectus pellentesque eget nunc', '절판', '2020-12-14 00:00:00', '2021-09-23 00:00:00'),
	(151, '533814867-6', '외국어', 'Ronstring', 'Brande', 'Mydo', 151, 800, 'noimage.jpg', 'ipsum primis in faucibus orci luctus et ultrices posuere cubilia curae mauris', '절판', '2021-04-20 00:00:00', '2021-09-23 00:00:00'),
	(152, '694030636-6', '경제', 'Redhold', 'Boote', 'Pixoboo', 152, 485, 'noimage.jpg', 'pellentesque viverra pede ac diam cras pellentesque volutpat dui maecenas tristique est et tempus semper est quam pharetra', '절판', '2021-05-11 00:00:00', '2021-09-23 00:00:00'),
	(153, '247596058-2', '소설', 'Sub-Ex', 'Deidre', 'Zoomcast', 153, 313, 'noimage.jpg', 'sollicitudin mi sit amet lobortis sapien sapien non mi integer ac neque duis bibendum', '절판', '2021-07-23 00:00:00', '2021-09-23 00:00:00'),
	(154, '181767936-8', '경제', 'Kanlam', 'Nichols', 'Eadel', 154, 323, 'noimage.jpg', 'faucibus orci luctus et ultrices posuere cubilia curae donec pharetra magna vestibulum aliquet ultrices erat tortor sollicitudin mi', '구편절판', '2020-11-01 00:00:00', '2021-09-23 00:00:00'),
	(155, '967240889-7', '경제', 'Bitwolf', 'Sylas', 'Realbridge', 155, 642, 'noimage.jpg', 'praesent id massa id nisl venenatis lacinia aenean sit amet justo morbi ut odio cras mi pede malesuada in imperdiet', '판매중', '2021-09-12 00:00:00', '2021-09-23 00:00:00'),
	(156, '237994276-5', '소설', 'Domainer', 'Koral', 'Brainverse', 156, 559, 'noimage.jpg', 'eleifend pede libero quis orci nullam molestie nibh in lectus pellentesque at nulla', '품절', '2021-07-11 00:00:00', '2021-09-23 00:00:00'),
	(157, '628506313-3', '만화', 'Flexidy', 'Ashia', 'Eazzy', 157, 153, 'noimage.jpg', 'vel est donec odio justo sollicitudin ut suscipit a feugiat et eros vestibulum ac', '판매중', '2021-03-17 00:00:00', '2021-09-23 00:00:00'),
	(158, '508430063-3', '여행', 'Stronghold', 'Lorilee', 'Twimbo', 158, 414, 'noimage.jpg', 'tristique in tempus sit amet sem fusce consequat nulla nisl nunc nisl duis bibendum felis sed interdum', '절판', '2020-12-26 00:00:00', '2021-09-23 00:00:00'),
	(159, '120488813-2', '소설', 'Otcom', 'Andie', 'Kwilith', 159, 814, 'noimage.jpg', 'nisl duis bibendum felis sed interdum venenatis turpis enim blandit mi in porttitor pede justo eu massa donec', '절판', '2021-05-01 00:00:00', '2021-09-23 00:00:00'),
	(160, '715572877-2', '만화', 'Tres-Zap', 'Beth', 'BlogXS', 160, 198, 'noimage.jpg', 'vivamus vel nulla eget eros elementum pellentesque quisque porta volutpat erat quisque erat eros viverra eget congue eget semper rutrum', '판매중', '2021-05-27 00:00:00', '2021-09-23 00:00:00'),
	(161, '610480515-9', '경제', 'Overhold', 'Matty', 'Kazu', 161, 158, 'noimage.jpg', 'nam nulla integer pede justo lacinia eget tincidunt eget tempus vel pede morbi porttitor lorem id ligula suspendisse ornare', '판매중', '2021-09-16 00:00:00', '2021-09-23 00:00:00'),
	(162, '340455434-5', '외국어', 'Duobam', 'Mannie', 'Jamia', 162, 827, 'noimage.jpg', 'faucibus cursus urna ut tellus nulla ut erat id mauris vulputate elementum nullam varius', '절판', '2021-03-12 00:00:00', '2021-09-23 00:00:00'),
	(163, '327977884-0', '소설', 'Bitwolf', 'Arlan', 'Lazz', 163, 476, 'noimage.jpg', 'vulputate ut ultrices vel augue vestibulum ante ipsum primis in faucibus orci', '구편절판', '2021-04-05 00:00:00', '2021-09-23 00:00:00'),
	(164, '971603379-6', '만화', 'Ventosanzap', 'Bertie', 'Oyoyo', 164, 540, 'noimage.jpg', 'risus dapibus augue vel accumsan tellus nisi eu orci mauris lacinia sapien quis libero nullam sit amet', '품절', '2021-08-14 00:00:00', '2021-09-23 00:00:00'),
	(165, '951244088-1', '여행', 'Greenlam', 'Tarah', 'Devpulse', 165, 724, 'noimage.jpg', 'proin leo odio porttitor id consequat in consequat ut nulla sed accumsan felis ut at dolor quis odio consequat', '품절', '2021-07-03 00:00:00', '2021-09-23 00:00:00'),
	(166, '433160245-1', '외국어', 'Fixflex', 'Sig', 'Centimia', 166, 702, 'noimage.jpg', 'nisi eu orci mauris lacinia sapien quis libero nullam sit amet', '절판', '2020-11-15 00:00:00', '2021-09-23 00:00:00'),
	(167, '126141528-0', '만화', 'Otcom', 'Harriott', 'Bluejam', 167, 875, 'noimage.jpg', 'eu mi nulla ac enim in tempor turpis nec euismod scelerisque quam', '판매중', '2021-01-18 00:00:00', '2021-09-23 00:00:00'),
	(168, '831208017-1', '경제', 'Zoolab', 'Quillan', 'Babblestorm', 168, 387, 'noimage.jpg', 'ante ipsum primis in faucibus orci luctus et ultrices posuere cubilia curae mauris viverra', '절판', '2020-12-21 00:00:00', '2021-09-23 00:00:00'),
	(169, '383528701-X', '소설', 'Mat Lam Tam', 'Erminia', 'Kwinu', 169, 430, 'noimage.jpg', 'quisque porta volutpat erat quisque erat eros viverra eget congue eget semper rutrum nulla nunc purus', '품절', '2021-09-03 00:00:00', '2021-09-23 00:00:00'),
	(170, '202828348-3', '여행', 'Veribet', 'Gerick', 'Thoughtbeat', 170, 917, 'noimage.jpg', 'diam in magna bibendum imperdiet nullam orci pede venenatis non', '절판', '2020-12-29 00:00:00', '2021-09-23 00:00:00'),
	(171, '318729255-0', '만화', 'Sonsing', 'Calvin', 'Youbridge', 171, 673, 'noimage.jpg', 'erat eros viverra eget congue eget semper rutrum nulla nunc purus phasellus in felis donec semper sapien a', '구편절판', '2021-07-19 00:00:00', '2021-09-23 00:00:00'),
	(172, '299693710-4', '만화', 'Kanlam', 'Monah', 'Cogidoo', 172, 567, 'noimage.jpg', 'hac habitasse platea dictumst morbi vestibulum velit id pretium iaculis diam erat fermentum justo nec', '구편절판', '2021-09-13 00:00:00', '2021-09-23 00:00:00'),
	(173, '545468502-X', '만화', 'Hatity', 'Sidonnie', 'Devify', 173, 532, 'noimage.jpg', 'leo odio condimentum id luctus nec molestie sed justo pellentesque viverra pede ac diam cras pellentesque volutpat dui', '품절', '2021-04-28 00:00:00', '2021-09-23 00:00:00'),
	(174, '353774884-1', '소설', 'Keylex', 'Edee', 'Roombo', 174, 112, 'noimage.jpg', 'cursus vestibulum proin eu mi nulla ac enim in tempor', '절판', '2021-03-26 00:00:00', '2021-09-23 00:00:00'),
	(175, '049148711-8', '만화', 'Solarbreeze', 'Krishnah', 'Thoughtbeat', 175, 345, 'noimage.jpg', 'enim in tempor turpis nec euismod scelerisque quam turpis adipiscing lorem vitae mattis nibh ligula nec sem duis aliquam', '절판', '2020-12-15 00:00:00', '2021-09-23 00:00:00'),
	(176, '518105643-1', '경제', 'Zathin', 'Darryl', 'Tazzy', 176, 175, 'noimage.jpg', 'viverra diam vitae quam suspendisse potenti nullam porttitor lacus at turpis donec posuere metus vitae ipsum aliquam', '절판', '2020-11-25 00:00:00', '2021-09-23 00:00:00'),
	(177, '028971161-4', '만화', 'Voyatouch', 'Gaelan', 'Geba', 177, 828, 'noimage.jpg', 'vivamus tortor duis mattis egestas metus aenean fermentum donec ut mauris eget massa tempor', '판매중', '2021-06-10 00:00:00', '2021-09-23 00:00:00'),
	(178, '727458513-4', '만화', 'Cardify', 'Kathi', 'Twitterlist', 178, 331, 'noimage.jpg', 'in hac habitasse platea dictumst aliquam augue quam sollicitudin vitae consectetuer eget rutrum at lorem integer tincidunt ante vel ipsum', '품절', '2021-07-29 00:00:00', '2021-09-23 00:00:00'),
	(179, '247436251-7', '외국어', 'Quo Lux', 'Chance', 'Blogtags', 179, 164, 'noimage.jpg', 'odio elementum eu interdum eu tincidunt in leo maecenas pulvinar lobortis est phasellus sit', '절판', '2021-03-15 00:00:00', '2021-09-23 00:00:00'),
	(180, '264297285-2', '소설', 'Sonair', 'Stepha', 'Devpoint', 180, 620, 'noimage.jpg', 'semper rutrum nulla nunc purus phasellus in felis donec semper sapien a libero nam dui proin leo odio porttitor', '품절', '2021-04-20 00:00:00', '2021-09-23 00:00:00'),
	(181, '125523762-7', '만화', 'Ronstring', 'Johnny', 'Trupe', 181, 329, 'noimage.jpg', 'mauris morbi non lectus aliquam sit amet diam in magna bibendum imperdiet nullam orci pede venenatis non sodales', '품절', '2021-06-20 00:00:00', '2021-09-23 00:00:00'),
	(182, '599032866-4', '외국어', 'Lotlux', 'Venita', 'Livetube', 182, 978, 'noimage.jpg', 'non velit nec nisi vulputate nonummy maecenas tincidunt lacus at velit vivamus vel nulla eget eros elementum pellentesque', '품절', '2021-03-18 00:00:00', '2021-09-23 00:00:00'),
	(183, '099658322-X', '만화', 'Lotstring', 'Luisa', 'Skiba', 183, 146, 'noimage.jpg', 'venenatis tristique fusce congue diam id ornare imperdiet sapien urna pretium nisl ut', '품절', '2021-08-05 00:00:00', '2021-09-23 00:00:00'),
	(184, '449733324-8', '여행', 'Tampflex', 'Haily', 'Flipstorm', 184, 896, 'noimage.jpg', 'vulputate justo in blandit ultrices enim lorem ipsum dolor sit amet consectetuer adipiscing elit proin interdum mauris non ligula', '구편절판', '2021-03-23 00:00:00', '2021-09-23 00:00:00'),
	(185, '127125410-7', '여행', 'Holdlamis', 'Rurik', 'Kwilith', 185, 526, 'noimage.jpg', 'amet erat nulla tempus vivamus in felis eu sapien cursus vestibulum proin eu mi nulla ac', '품절', '2021-06-05 00:00:00', '2021-09-23 00:00:00'),
	(186, '213976256-8', '만화', 'Otcom', 'Riane', 'Tekfly', 186, 597, 'noimage.jpg', 'nullam molestie nibh in lectus pellentesque at nulla suspendisse potenti cras in', '절판', '2021-07-24 00:00:00', '2021-09-23 00:00:00'),
	(187, '737740653-4', '소설', 'Cardify', 'Dilly', 'Agimba', 187, 148, 'noimage.jpg', 'nullam varius nulla facilisi cras non velit nec nisi vulputate nonummy maecenas tincidunt lacus at velit vivamus vel nulla', '절판', '2020-11-23 00:00:00', '2021-09-23 00:00:00'),
	(188, '185866726-7', '소설', 'Latlux', 'Kendre', 'Yakidoo', 188, 517, 'noimage.jpg', 'hendrerit at vulputate vitae nisl aenean lectus pellentesque eget nunc donec quis', '절판', '2021-06-09 00:00:00', '2021-09-23 00:00:00'),
	(189, '271360747-7', '여행', 'Zaam-Dox', 'Mortimer', 'Realbuzz', 189, 869, 'noimage.jpg', 'id luctus nec molestie sed justo pellentesque viverra pede ac diam cras pellentesque volutpat', '구편절판', '2021-03-04 00:00:00', '2021-09-23 00:00:00'),
	(190, '153146633-8', '소설', 'Subin', 'Celle', 'Buzzshare', 190, 102, 'noimage.jpg', 'scelerisque quam turpis adipiscing lorem vitae mattis nibh ligula nec sem duis aliquam convallis nunc', '구편절판', '2021-05-14 00:00:00', '2021-09-23 00:00:00'),
	(191, '114003484-7', '소설', 'Opela', 'Benjie', 'Youspan', 191, 516, 'noimage.jpg', 'ac consequat metus sapien ut nunc vestibulum ante ipsum primis in faucibus orci luctus et ultrices', '구편절판', '2021-01-13 00:00:00', '2021-09-23 00:00:00'),
	(192, '511948239-2', '소설', 'Daltfresh', 'Randall', 'Yambee', 192, 326, 'noimage.jpg', 'in felis donec semper sapien a libero nam dui proin leo odio porttitor id consequat in consequat ut nulla sed', '절판', '2021-02-16 00:00:00', '2021-09-23 00:00:00'),
	(193, '949064079-4', '소설', 'Quo Lux', 'Alameda', 'Skippad', 193, 889, 'noimage.jpg', 'non ligula pellentesque ultrices phasellus id sapien in sapien iaculis congue vivamus metus arcu adipiscing', '구편절판', '2021-06-16 00:00:00', '2021-09-23 00:00:00'),
	(194, '220251985-8', '만화', 'Bitchip', 'Oralla', 'Viva', 194, 127, 'noimage.jpg', 'orci mauris lacinia sapien quis libero nullam sit amet turpis', '품절', '2021-06-09 00:00:00', '2021-09-23 00:00:00'),
	(195, '107875714-3', '소설', 'Tampflex', 'Olga', 'Mita', 195, 408, 'noimage.jpg', 'nulla sed vel enim sit amet nunc viverra dapibus nulla suscipit ligula in lacus curabitur at ipsum ac tellus semper', '구편절판', '2020-12-04 00:00:00', '2021-09-23 00:00:00'),
	(196, '531027032-9', '만화', 'Trippledex', 'Sibilla', 'Tagpad', 196, 533, 'noimage.jpg', 'nibh quisque id justo sit amet sapien dignissim vestibulum vestibulum ante ipsum primis in faucibus orci', '판매중', '2020-11-24 00:00:00', '2021-09-23 00:00:00'),
	(197, '437387765-3', '여행', 'Home Ing', 'Itch', 'Zoombox', 197, 173, 'noimage.jpg', 'quisque ut erat curabitur gravida nisi at nibh in hac habitasse platea', '절판', '2020-10-02 00:00:00', '2021-09-23 00:00:00'),
	(198, '244004295-1', '외국어', 'Lotlux', 'Adelina', 'Zoonder', 198, 394, 'noimage.jpg', 'ut at dolor quis odio consequat varius integer ac leo pellentesque ultrices mattis odio donec vitae nisi nam', '품절', '2020-12-22 00:00:00', '2021-09-23 00:00:00'),
	(199, '685036421-9', '여행', 'Transcof', 'Merissa', 'Gigabox', 199, 447, 'noimage.jpg', 'odio condimentum id luctus nec molestie sed justo pellentesque viverra pede ac diam cras pellentesque volutpat dui', '절판', '2021-05-20 00:00:00', '2021-09-23 00:00:00'),
	(200, '252312771-7', '만화', 'Quo Lux', 'Alysia', 'Innojam', 200, 700, 'noimage.jpg', 'aliquet pulvinar sed nisl nunc rhoncus dui vel sem sed sagittis nam congue', '품절', '2020-10-24 00:00:00', '2021-09-23 00:00:00'),
	(201, '637337659-1', '외국어', 'Zoolab', 'Roland', 'Youbridge', 201, 483, 'noimage.jpg', 'vel accumsan tellus nisi eu orci mauris lacinia sapien quis libero nullam sit amet turpis elementum ligula vehicula', '구편절판', '2021-03-20 00:00:00', '2021-09-23 00:00:00'),
	(202, '009566047-X', '경제', 'Tempsoft', 'Rurik', 'Livepath', 202, 844, 'noimage.jpg', 'nunc commodo placerat praesent blandit nam nulla integer pede justo', '판매중', '2021-06-01 00:00:00', '2021-09-23 00:00:00'),
	(203, '941387915-X', '경제', 'Flexidy', 'Blayne', 'Jazzy', 203, 740, 'noimage.jpg', 'vel nulla eget eros elementum pellentesque quisque porta volutpat erat quisque erat eros viverra eget congue', '절판', '2020-12-31 00:00:00', '2021-09-23 00:00:00'),
	(204, '849650439-5', '소설', 'Kanlam', 'Sampson', 'Feedbug', 204, 492, 'noimage.jpg', 'erat fermentum justo nec condimentum neque sapien placerat ante nulla justo aliquam quis turpis eget elit sodales', '판매중', '2021-06-15 00:00:00', '2021-09-23 00:00:00'),
	(205, '392077531-7', '외국어', 'Span', 'Ermentrude', 'Tagtune', 205, 826, 'noimage.jpg', 'ante nulla justo aliquam quis turpis eget elit sodales scelerisque mauris sit amet eros suspendisse accumsan', '구편절판', '2021-08-26 00:00:00', '2021-09-23 00:00:00'),
	(206, '717578169-5', '소설', 'Daltfresh', 'Wilfrid', 'Innojam', 206, 449, 'noimage.jpg', 'vel sem sed sagittis nam congue risus semper porta volutpat quam pede lobortis ligula sit amet eleifend pede libero', '판매중', '2021-09-04 00:00:00', '2021-09-23 00:00:00'),
	(207, '340385216-4', '경제', 'Rank', 'Maurits', 'Skipfire', 207, 662, 'noimage.jpg', 'libero quis orci nullam molestie nibh in lectus pellentesque at nulla', '구편절판', '2021-03-17 00:00:00', '2021-09-23 00:00:00'),
	(208, '960051521-2', '경제', 'Pannier', 'Ravid', 'Pixope', 208, 876, 'noimage.jpg', 'nisi eu orci mauris lacinia sapien quis libero nullam sit amet', '구편절판', '2021-08-31 00:00:00', '2021-09-23 00:00:00'),
	(209, '640686458-1', '여행', 'Ronstring', 'Blythe', 'Fivespan', 209, 420, 'noimage.jpg', 'rhoncus sed vestibulum sit amet cursus id turpis integer aliquet massa id lobortis convallis', '절판', '2020-10-29 00:00:00', '2021-09-23 00:00:00'),
	(210, '619478021-5', '여행', 'Redhold', 'Cello', 'Cogibox', 210, 855, 'noimage.jpg', 'lobortis convallis tortor risus dapibus augue vel accumsan tellus nisi eu orci mauris', '구편절판', '2021-09-03 00:00:00', '2021-09-23 00:00:00'),
	(211, '116635672-8', '외국어', 'Sonair', 'Lane', 'Yadel', 211, 961, 'noimage.jpg', 'sed lacus morbi sem mauris laoreet ut rhoncus aliquet pulvinar sed nisl nunc rhoncus dui vel sem sed sagittis nam', '판매중', '2020-12-12 00:00:00', '2021-09-23 00:00:00'),
	(212, '038888175-5', '만화', 'Bitchip', 'Drucy', 'Twinder', 212, 560, 'noimage.jpg', 'ante vel ipsum praesent blandit lacinia erat vestibulum sed magna at', '구편절판', '2021-03-12 00:00:00', '2021-09-23 00:00:00'),
	(213, '962810278-8', '여행', 'Quo Lux', 'Bartlet', 'Brainbox', 213, 513, 'noimage.jpg', 'elementum pellentesque quisque porta volutpat erat quisque erat eros viverra eget congue eget semper rutrum nulla nunc', '품절', '2021-06-15 00:00:00', '2021-09-23 00:00:00'),
	(214, '747850651-8', '여행', 'Ventosanzap', 'Benjamen', 'Devpulse', 214, 826, 'noimage.jpg', 'blandit lacinia erat vestibulum sed magna at nunc commodo placerat praesent blandit nam nulla integer pede justo', '판매중', '2020-11-06 00:00:00', '2021-09-23 00:00:00'),
	(215, '075405651-1', '소설', 'Home Ing', 'Olivier', 'Photobean', 215, 500, 'noimage.jpg', 'neque libero convallis eget eleifend luctus ultricies eu nibh quisque', '품절', '2021-06-21 00:00:00', '2021-09-23 00:00:00'),
	(216, '745948379-6', '여행', 'Voltsillam', 'Nanette', 'Shufflester', 216, 470, 'noimage.jpg', 'ultrices mattis odio donec vitae nisi nam ultrices libero non mattis pulvinar', '구편절판', '2021-05-19 00:00:00', '2021-09-23 00:00:00'),
	(217, '071739610-X', '외국어', 'Toughjoyfax', 'Rozalin', 'Zooveo', 217, 105, 'noimage.jpg', 'mattis egestas metus aenean fermentum donec ut mauris eget massa tempor convallis nulla neque libero convallis eget eleifend luctus', '절판', '2021-06-22 00:00:00', '2021-09-23 00:00:00'),
	(218, '395073852-5', '경제', 'Lotstring', 'Yoshiko', 'Kayveo', 218, 629, 'noimage.jpg', 'scelerisque quam turpis adipiscing lorem vitae mattis nibh ligula nec sem duis aliquam convallis nunc proin at turpis a', '품절', '2021-03-02 00:00:00', '2021-09-23 00:00:00'),
	(219, '233972349-3', '경제', 'Overhold', 'Lawry', 'Mycat', 219, 173, 'noimage.jpg', 'turpis enim blandit mi in porttitor pede justo eu massa donec dapibus duis at velit eu', '절판', '2020-11-23 00:00:00', '2021-09-23 00:00:00'),
	(220, '267011663-9', '여행', 'Fintone', 'Abeu', 'Gabtune', 220, 592, 'noimage.jpg', 'a pede posuere nonummy integer non velit donec diam neque vestibulum eget', '판매중', '2021-03-04 00:00:00', '2021-09-23 00:00:00'),
	(221, '507368415-X', '만화', 'Fixflex', 'Vickie', 'Devcast', 221, 947, 'noimage.jpg', 'porta volutpat erat quisque erat eros viverra eget congue eget semper rutrum nulla nunc', '구편절판', '2020-09-25 00:00:00', '2021-09-23 00:00:00'),
	(222, '486752286-4', '경제', 'Job', 'Arvin', 'Myworks', 222, 103, 'noimage.jpg', 'pharetra magna ac consequat metus sapien ut nunc vestibulum ante ipsum primis in faucibus orci', '품절', '2020-10-23 00:00:00', '2021-09-23 00:00:00'),
	(223, '189392880-2', '경제', 'Ventosanzap', 'Verena', 'Tazzy', 223, 533, 'noimage.jpg', 'vel nisl duis ac nibh fusce lacus purus aliquet at feugiat non', '품절', '2021-03-07 00:00:00', '2021-09-23 00:00:00'),
	(224, '234336492-3', '만화', 'Zaam-Dox', 'Zorah', 'Jazzy', 224, 782, 'noimage.jpg', 'at nunc commodo placerat praesent blandit nam nulla integer pede justo lacinia eget tincidunt eget tempus vel pede morbi', '절판', '2020-11-29 00:00:00', '2021-09-23 00:00:00'),
	(225, '504804907-1', '만화', 'It', 'Putnam', 'Mynte', 225, 832, 'noimage.jpg', 'sollicitudin vitae consectetuer eget rutrum at lorem integer tincidunt ante vel ipsum praesent', '절판', '2021-08-31 00:00:00', '2021-09-23 00:00:00'),
	(226, '368032963-6', '만화', 'Bytecard', 'Ally', 'Oyonder', 226, 705, 'noimage.jpg', 'ligula in lacus curabitur at ipsum ac tellus semper interdum mauris ullamcorper purus sit amet nulla quisque', '판매중', '2020-11-18 00:00:00', '2021-09-23 00:00:00'),
	(227, '068180477-7', '경제', 'Flowdesk', 'Donella', 'Dynava', 227, 798, 'noimage.jpg', 'nisi at nibh in hac habitasse platea dictumst aliquam augue quam sollicitudin vitae consectetuer eget rutrum at lorem integer tincidunt', '구편절판', '2021-03-24 00:00:00', '2021-09-23 00:00:00'),
	(228, '430807584-X', '경제', 'Tresom', 'Deerdre', 'Brainverse', 228, 227, 'noimage.jpg', 'mauris vulputate elementum nullam varius nulla facilisi cras non velit nec nisi vulputate nonummy maecenas tincidunt lacus', '품절', '2021-06-18 00:00:00', '2021-09-23 00:00:00'),
	(229, '028328902-3', '여행', 'Mat Lam Tam', 'Demetra', 'Flipopia', 229, 956, 'noimage.jpg', 'pellentesque ultrices phasellus id sapien in sapien iaculis congue vivamus metus arcu adipiscing molestie hendrerit at vulputate', '절판', '2021-03-26 00:00:00', '2021-09-23 00:00:00'),
	(230, '754882706-7', '만화', 'Stronghold', 'Vyky', 'Tagtune', 230, 374, 'noimage.jpg', 'metus aenean fermentum donec ut mauris eget massa tempor convallis nulla neque libero convallis eget', '절판', '2021-08-05 00:00:00', '2021-09-23 00:00:00'),
	(231, '659428339-1', '만화', 'Greenlam', 'Emanuele', 'Gigabox', 231, 907, 'noimage.jpg', 'nisl nunc nisl duis bibendum felis sed interdum venenatis turpis enim blandit mi in porttitor pede justo eu massa', '구편절판', '2021-08-11 00:00:00', '2021-09-23 00:00:00'),
	(232, '834963197-X', '여행', 'It', 'Chucho', 'Dynazzy', 232, 489, 'noimage.jpg', 'id nisl venenatis lacinia aenean sit amet justo morbi ut odio cras mi pede malesuada in', '품절', '2020-12-23 00:00:00', '2021-09-23 00:00:00'),
	(233, '585236583-1', '만화', 'Job', 'Adina', 'Tagpad', 233, 449, 'noimage.jpg', 'sit amet nulla quisque arcu libero rutrum ac lobortis vel dapibus at diam nam tristique', '판매중', '2021-05-24 00:00:00', '2021-09-23 00:00:00'),
	(234, '980793049-9', '외국어', 'Stringtough', 'Pernell', 'Eimbee', 234, 210, 'noimage.jpg', 'sapien a libero nam dui proin leo odio porttitor id consequat in consequat ut nulla sed accumsan felis ut', '구편절판', '2021-05-13 00:00:00', '2021-09-23 00:00:00'),
	(235, '513277931-X', '소설', 'Zathin', 'Northrop', 'Topicware', 235, 961, 'noimage.jpg', 'duis ac nibh fusce lacus purus aliquet at feugiat non pretium quis lectus suspendisse potenti in eleifend quam a odio', '절판', '2021-07-20 00:00:00', '2021-09-23 00:00:00'),
	(236, '875457333-5', '경제', 'Sub-Ex', 'Dode', 'Edgeify', 236, 142, 'noimage.jpg', 'lacinia aenean sit amet justo morbi ut odio cras mi pede malesuada in imperdiet et commodo', '판매중', '2021-09-14 00:00:00', '2021-09-23 00:00:00'),
	(237, '256625601-2', '소설', 'Ventosanzap', 'Grantham', 'Buzzster', 237, 469, 'noimage.jpg', 'lobortis ligula sit amet eleifend pede libero quis orci nullam molestie', '판매중', '2021-04-01 00:00:00', '2021-09-23 00:00:00'),
	(238, '022293550-2', '여행', 'Stringtough', 'Netta', 'Youopia', 238, 652, 'noimage.jpg', 'lectus in quam fringilla rhoncus mauris enim leo rhoncus sed vestibulum sit amet cursus id turpis', '품절', '2021-02-08 00:00:00', '2021-09-23 00:00:00'),
	(239, '635178907-9', '여행', 'Zathin', 'Clement', 'Brainbox', 239, 708, 'noimage.jpg', 'vestibulum velit id pretium iaculis diam erat fermentum justo nec condimentum neque sapien placerat ante nulla justo aliquam', '판매중', '2020-12-01 00:00:00', '2021-09-23 00:00:00'),
	(240, '408999886-7', '만화', 'Sonsing', 'Mar', 'Yakitri', 240, 789, 'noimage.jpg', 'neque libero convallis eget eleifend luctus ultricies eu nibh quisque id justo sit amet sapien dignissim vestibulum', '판매중', '2020-10-31 00:00:00', '2021-09-23 00:00:00'),
	(241, '570199388-4', '소설', 'Konklab', 'Estele', 'Topicware', 241, 661, 'noimage.jpg', 'lectus pellentesque at nulla suspendisse potenti cras in purus eu magna vulputate luctus cum sociis natoque penatibus', '품절', '2020-10-26 00:00:00', '2021-09-23 00:00:00'),
	(242, '841327537-7', '만화', 'Daltfresh', 'Jeremias', 'Brightbean', 242, 950, 'noimage.jpg', 'amet erat nulla tempus vivamus in felis eu sapien cursus vestibulum proin eu mi nulla ac enim in tempor turpis', '판매중', '2021-08-27 00:00:00', '2021-09-23 00:00:00'),
	(243, '449351942-8', '외국어', 'Bitwolf', 'Anabella', 'Skalith', 243, 570, 'noimage.jpg', 'nullam sit amet turpis elementum ligula vehicula consequat morbi a ipsum integer a nibh in', '절판', '2021-02-21 00:00:00', '2021-09-23 00:00:00'),
	(244, '197559193-3', '여행', 'Job', 'Jillayne', 'Skibox', 244, 572, 'noimage.jpg', 'ut rhoncus aliquet pulvinar sed nisl nunc rhoncus dui vel sem sed sagittis nam', '구편절판', '2021-03-05 00:00:00', '2021-09-23 00:00:00'),
	(245, '436198872-2', '여행', 'Redhold', 'Jaquith', 'Kwilith', 245, 921, 'noimage.jpg', 'cubilia curae donec pharetra magna vestibulum aliquet ultrices erat tortor', '구편절판', '2021-07-26 00:00:00', '2021-09-23 00:00:00'),
	(246, '446629889-0', '경제', 'Aerified', 'Muriel', 'Chatterpoint', 246, 345, 'noimage.jpg', 'congue diam id ornare imperdiet sapien urna pretium nisl ut', '품절', '2021-08-17 00:00:00', '2021-09-23 00:00:00'),
	(247, '768709308-9', '여행', 'Konklab', 'Dollie', 'Trilia', 247, 394, 'noimage.jpg', 'tincidunt lacus at velit vivamus vel nulla eget eros elementum pellentesque quisque', '절판', '2021-07-01 00:00:00', '2021-09-23 00:00:00'),
	(248, '045787907-6', '소설', 'Rank', 'Jerrome', 'Izio', 248, 245, 'noimage.jpg', 'vel sem sed sagittis nam congue risus semper porta volutpat quam pede lobortis ligula sit', '판매중', '2021-05-11 00:00:00', '2021-09-23 00:00:00'),
	(249, '013225722-X', '만화', 'Biodex', 'Leanna', 'Kimia', 249, 176, 'noimage.jpg', 'volutpat sapien arcu sed augue aliquam erat volutpat in congue etiam justo etiam pretium iaculis justo in hac', '판매중', '2020-11-11 00:00:00', '2021-09-23 00:00:00'),
	(250, '117930709-7', '소설', 'Daltfresh', 'Otha', 'Voonte', 250, 131, 'noimage.jpg', 'mattis nibh ligula nec sem duis aliquam convallis nunc proin at turpis a pede posuere', '구편절판', '2021-09-02 00:00:00', '2021-09-23 00:00:00'),
	(251, '678745950-5', '여행', 'Zontrax', 'Raye', 'Roodel', 251, 342, 'noimage.jpg', 'quis orci nullam molestie nibh in lectus pellentesque at nulla suspendisse potenti cras in purus eu magna vulputate luctus cum', '구편절판', '2021-07-18 00:00:00', '2021-09-23 00:00:00'),
	(252, '502128321-9', '경제', 'Hatity', 'Arden', 'Zoonder', 252, 322, 'noimage.jpg', 'est risus auctor sed tristique in tempus sit amet sem fusce consequat nulla nisl nunc nisl duis bibendum felis sed', '판매중', '2021-02-01 00:00:00', '2021-09-23 00:00:00'),
	(253, '527272218-3', '경제', 'Ventosanzap', 'Halie', 'Twinder', 253, 295, 'noimage.jpg', 'sed accumsan felis ut at dolor quis odio consequat varius integer ac leo pellentesque ultrices mattis odio', '절판', '2021-08-25 00:00:00', '2021-09-23 00:00:00'),
	(254, '303942221-9', '외국어', 'Tresom', 'Dari', 'Topiczoom', 254, 502, 'noimage.jpg', 'justo pellentesque viverra pede ac diam cras pellentesque volutpat dui maecenas tristique est et tempus semper est quam', '구편절판', '2021-01-01 00:00:00', '2021-09-23 00:00:00'),
	(255, '938671286-5', '만화', 'Biodex', 'Dylan', 'Eimbee', 255, 828, 'noimage.jpg', 'vestibulum velit id pretium iaculis diam erat fermentum justo nec condimentum neque sapien placerat ante nulla', '구편절판', '2021-02-12 00:00:00', '2021-09-23 00:00:00'),
	(256, '581221137-X', '소설', 'Sonsing', 'Clemens', 'Teklist', 256, 229, 'noimage.jpg', 'posuere cubilia curae duis faucibus accumsan odio curabitur convallis duis consequat dui nec nisi volutpat eleifend donec ut dolor morbi', '품절', '2020-12-27 00:00:00', '2021-09-23 00:00:00'),
	(257, '672751057-1', '경제', 'Rank', 'Lorraine', 'Ozu', 257, 861, 'noimage.jpg', 'fringilla rhoncus mauris enim leo rhoncus sed vestibulum sit amet', '품절', '2021-05-05 00:00:00', '2021-09-23 00:00:00'),
	(258, '570102354-0', '소설', 'Sub-Ex', 'Corby', 'Yombu', 258, 254, 'noimage.jpg', 'erat vestibulum sed magna at nunc commodo placerat praesent blandit nam nulla integer pede', '품절', '2021-01-29 00:00:00', '2021-09-23 00:00:00'),
	(259, '486127485-0', '경제', 'Veribet', 'Kilian', 'Browseblab', 259, 178, 'noimage.jpg', 'vestibulum ante ipsum primis in faucibus orci luctus et ultrices posuere cubilia curae duis faucibus accumsan odio', '품절', '2021-02-27 00:00:00', '2021-09-23 00:00:00'),
	(260, '549457728-7', '외국어', 'Sub-Ex', 'Felice', 'Yodo', 260, 131, 'noimage.jpg', 'dolor sit amet consectetuer adipiscing elit proin risus praesent lectus vestibulum quam sapien varius ut blandit non interdum in ante', '품절', '2021-09-18 00:00:00', '2021-09-23 00:00:00'),
	(261, '601394790-2', '만화', 'Span', 'Chrissie', 'Yambee', 261, 434, 'noimage.jpg', 'ipsum praesent blandit lacinia erat vestibulum sed magna at nunc commodo placerat praesent', '품절', '2020-11-06 00:00:00', '2021-09-23 00:00:00'),
	(262, '830455968-4', '만화', 'Sub-Ex', 'Jamil', 'Avaveo', 262, 814, 'noimage.jpg', 'quam pharetra magna ac consequat metus sapien ut nunc vestibulum ante ipsum primis in faucibus orci luctus et', '절판', '2021-06-07 00:00:00', '2021-09-23 00:00:00'),
	(263, '889651314-6', '경제', 'Asoka', 'Lynett', 'Voolith', 263, 827, 'noimage.jpg', 'sem duis aliquam convallis nunc proin at turpis a pede posuere nonummy integer', '구편절판', '2021-04-26 00:00:00', '2021-09-23 00:00:00'),
	(264, '383639510-X', '여행', 'Zaam-Dox', 'Timoteo', 'Zoomlounge', 264, 887, 'noimage.jpg', 'luctus ultricies eu nibh quisque id justo sit amet sapien dignissim vestibulum vestibulum ante ipsum primis', '품절', '2021-07-22 00:00:00', '2021-09-23 00:00:00'),
	(265, '278316727-1', '경제', 'Fixflex', 'Davon', 'Twimbo', 265, 924, 'noimage.jpg', 'quam turpis adipiscing lorem vitae mattis nibh ligula nec sem duis aliquam convallis nunc proin at turpis', '구편절판', '2021-03-21 00:00:00', '2021-09-23 00:00:00'),
	(266, '137943802-0', '경제', 'Overhold', 'Annalise', 'Babbleset', 266, 196, 'noimage.jpg', 'justo etiam pretium iaculis justo in hac habitasse platea dictumst etiam faucibus cursus urna ut tellus nulla ut erat id', '품절', '2021-05-27 00:00:00', '2021-09-23 00:00:00'),
	(267, '332037947-X', '소설', 'Holdlamis', 'Colman', 'Quatz', 267, 210, 'noimage.jpg', 'proin risus praesent lectus vestibulum quam sapien varius ut blandit non interdum in ante vestibulum ante ipsum', '절판', '2020-12-23 00:00:00', '2021-09-23 00:00:00'),
	(268, '149809620-4', '소설', 'Toughjoyfax', 'Virginie', 'LiveZ', 268, 796, 'noimage.jpg', 'sagittis sapien cum sociis natoque penatibus et magnis dis parturient montes nascetur ridiculus mus etiam', '구편절판', '2021-01-04 00:00:00', '2021-09-23 00:00:00'),
	(269, '234431592-6', '경제', 'Namfix', 'Hiram', 'Cogidoo', 269, 173, 'noimage.jpg', 'mauris laoreet ut rhoncus aliquet pulvinar sed nisl nunc rhoncus dui vel sem sed', '품절', '2021-07-27 00:00:00', '2021-09-23 00:00:00'),
	(270, '623779660-6', '소설', 'Vagram', 'Amanda', 'Oyoloo', 270, 980, 'noimage.jpg', 'tempor turpis nec euismod scelerisque quam turpis adipiscing lorem vitae mattis nibh ligula nec sem duis', '구편절판', '2021-08-11 00:00:00', '2021-09-23 00:00:00'),
	(271, '128748834-X', '경제', 'Alphazap', 'Lanni', 'Rhybox', 271, 639, 'noimage.jpg', 'aenean auctor gravida sem praesent id massa id nisl venenatis lacinia aenean sit amet', '구편절판', '2020-12-16 00:00:00', '2021-09-23 00:00:00'),
	(272, '599980811-1', '여행', 'Viva', 'Alica', 'Rhynoodle', 272, 993, 'noimage.jpg', 'ultrices enim lorem ipsum dolor sit amet consectetuer adipiscing elit proin interdum mauris non ligula pellentesque ultrices phasellus id sapien', '판매중', '2021-06-29 00:00:00', '2021-09-23 00:00:00'),
	(273, '782120344-0', '외국어', 'Lotlux', 'Elisa', 'Avamba', 273, 337, 'noimage.jpg', 'nulla integer pede justo lacinia eget tincidunt eget tempus vel pede morbi porttitor lorem id ligula suspendisse', '품절', '2020-12-27 00:00:00', '2021-09-23 00:00:00'),
	(274, '681781547-9', '소설', 'Treeflex', 'Romonda', 'Geba', 274, 736, 'noimage.jpg', 'faucibus accumsan odio curabitur convallis duis consequat dui nec nisi volutpat eleifend donec ut dolor morbi vel lectus', '판매중', '2020-12-15 00:00:00', '2021-09-23 00:00:00'),
	(275, '507935308-2', '만화', 'Solarbreeze', 'Kitti', 'Edgewire', 275, 693, 'noimage.jpg', 'id massa id nisl venenatis lacinia aenean sit amet justo morbi ut odio cras mi pede malesuada in', '절판', '2020-12-29 00:00:00', '2021-09-23 00:00:00'),
	(276, '309089645-1', '소설', 'Zamit', 'Blake', 'Skibox', 276, 128, 'noimage.jpg', 'dolor morbi vel lectus in quam fringilla rhoncus mauris enim leo rhoncus sed vestibulum sit amet cursus id', '절판', '2021-03-21 00:00:00', '2021-09-23 00:00:00'),
	(277, '970126718-4', '외국어', 'Greenlam', 'Calida', 'Viva', 277, 833, 'noimage.jpg', 'eleifend luctus ultricies eu nibh quisque id justo sit amet', '절판', '2021-07-16 00:00:00', '2021-09-23 00:00:00'),
	(278, '939814409-3', '여행', 'Zathin', 'Rea', 'Youfeed', 278, 998, 'noimage.jpg', 'mi pede malesuada in imperdiet et commodo vulputate justo in blandit ultrices enim lorem ipsum dolor sit amet consectetuer', '절판', '2021-09-10 00:00:00', '2021-09-23 00:00:00'),
	(279, '661014705-1', '외국어', 'Stringtough', 'Raine', 'Devcast', 279, 411, 'noimage.jpg', 'in consequat ut nulla sed accumsan felis ut at dolor quis odio consequat varius integer ac leo', '판매중', '2021-08-23 00:00:00', '2021-09-23 00:00:00'),
	(280, '508570174-7', '소설', 'Bamity', 'Addison', 'Rhynyx', 280, 587, 'noimage.jpg', 'lobortis convallis tortor risus dapibus augue vel accumsan tellus nisi eu orci mauris lacinia sapien quis libero nullam sit', '구편절판', '2021-06-09 00:00:00', '2021-09-23 00:00:00'),
	(281, '899531145-2', '여행', 'Fix San', 'Tuesday', 'Voonix', 281, 414, 'noimage.jpg', 'ornare consequat lectus in est risus auctor sed tristique in tempus sit amet sem', '품절', '2020-10-31 00:00:00', '2021-09-23 00:00:00'),
	(282, '716457594-0', '만화', 'Konklab', 'Alfie', 'Wikivu', 282, 225, 'noimage.jpg', 'at velit vivamus vel nulla eget eros elementum pellentesque quisque porta volutpat erat quisque erat', '절판', '2021-02-19 00:00:00', '2021-09-23 00:00:00'),
	(283, '558544767-X', '여행', 'Latlux', 'Vivian', 'Fanoodle', 283, 839, 'noimage.jpg', 'rutrum at lorem integer tincidunt ante vel ipsum praesent blandit lacinia erat vestibulum sed magna at nunc commodo', '구편절판', '2020-10-30 00:00:00', '2021-09-23 00:00:00'),
	(284, '032241177-7', '여행', 'Lotstring', 'Cosme', 'Babblestorm', 284, 169, 'noimage.jpg', 'nibh in lectus pellentesque at nulla suspendisse potenti cras in purus eu magna', '판매중', '2021-06-03 00:00:00', '2021-09-23 00:00:00'),
	(285, '601845804-7', '경제', 'Flowdesk', 'Ruperta', 'Jetpulse', 285, 801, 'noimage.jpg', 'vel accumsan tellus nisi eu orci mauris lacinia sapien quis libero nullam sit amet turpis elementum ligula vehicula', '구편절판', '2020-12-18 00:00:00', '2021-09-23 00:00:00'),
	(286, '041668242-1', '여행', 'Tampflex', 'Agathe', 'Rhynoodle', 286, 257, 'noimage.jpg', 'felis sed lacus morbi sem mauris laoreet ut rhoncus aliquet', '구편절판', '2021-07-29 00:00:00', '2021-09-23 00:00:00'),
	(287, '990938654-2', '여행', 'Alpha', 'Merridie', 'Realcube', 287, 462, 'noimage.jpg', 'felis fusce posuere felis sed lacus morbi sem mauris laoreet ut rhoncus aliquet pulvinar sed nisl nunc rhoncus dui vel', '절판', '2020-10-15 00:00:00', '2021-09-23 00:00:00'),
	(288, '196719388-6', '경제', 'Y-Solowarm', 'Moshe', 'Mynte', 288, 193, 'noimage.jpg', 'vehicula condimentum curabitur in libero ut massa volutpat convallis morbi odio odio elementum eu interdum', '구편절판', '2021-05-29 00:00:00', '2021-09-23 00:00:00'),
	(289, '363205300-6', '소설', 'Fintone', 'Audi', 'Plambee', 289, 435, 'noimage.jpg', 'potenti in eleifend quam a odio in hac habitasse platea dictumst maecenas ut massa', '구편절판', '2020-10-16 00:00:00', '2021-09-23 00:00:00'),
	(290, '160739849-4', '소설', 'Stronghold', 'Vivian', 'Quatz', 290, 947, 'noimage.jpg', 'amet sapien dignissim vestibulum vestibulum ante ipsum primis in faucibus orci luctus et ultrices', '판매중', '2021-07-16 00:00:00', '2021-09-23 00:00:00'),
	(291, '345300552-X', '만화', 'Alpha', 'Rosalinde', 'Avamba', 291, 684, 'noimage.jpg', 'pede posuere nonummy integer non velit donec diam neque vestibulum', '절판', '2020-12-01 00:00:00', '2021-09-23 00:00:00'),
	(292, '220352093-0', '만화', 'Cardify', 'Shawn', 'Livefish', 292, 640, 'noimage.jpg', 'parturient montes nascetur ridiculus mus etiam vel augue vestibulum rutrum rutrum neque aenean auctor gravida sem praesent id massa', '판매중', '2021-01-15 00:00:00', '2021-09-23 00:00:00'),
	(293, '575427984-1', '경제', 'Kanlam', 'Kaitlynn', 'Skyndu', 293, 537, 'noimage.jpg', 'nulla integer pede justo lacinia eget tincidunt eget tempus vel pede morbi', '품절', '2021-08-04 00:00:00', '2021-09-23 00:00:00'),
	(294, '852880963-3', '외국어', 'Vagram', 'Bailie', 'Riffpath', 294, 443, 'noimage.jpg', 'et eros vestibulum ac est lacinia nisi venenatis tristique fusce congue diam id ornare', '품절', '2020-10-07 00:00:00', '2021-09-23 00:00:00'),
	(295, '862798126-4', '여행', 'Zamit', 'Clementina', 'Dynazzy', 295, 911, 'noimage.jpg', 'mauris ullamcorper purus sit amet nulla quisque arcu libero rutrum ac lobortis', '구편절판', '2021-08-15 00:00:00', '2021-09-23 00:00:00'),
	(296, '363316306-9', '경제', 'Zontrax', 'Naomi', 'Reallinks', 296, 506, 'noimage.jpg', 'porttitor pede justo eu massa donec dapibus duis at velit eu', '품절', '2021-09-18 00:00:00', '2021-09-23 00:00:00'),
	(297, '269510295-X', '외국어', 'Cardify', 'Simmonds', 'Twitterwire', 297, 237, 'noimage.jpg', 'est phasellus sit amet erat nulla tempus vivamus in felis eu sapien cursus', '품절', '2021-09-20 00:00:00', '2021-09-23 00:00:00'),
	(298, '823226023-8', '소설', 'Rank', 'Barny', 'Quatz', 298, 980, 'noimage.jpg', 'quisque arcu libero rutrum ac lobortis vel dapibus at diam nam tristique tortor eu pede', '구편절판', '2021-03-13 00:00:00', '2021-09-23 00:00:00'),
	(299, '470517333-3', '여행', 'Voyatouch', 'Magdalena', 'Meedoo', 299, 750, 'noimage.jpg', 'dapibus dolor vel est donec odio justo sollicitudin ut suscipit a feugiat et eros vestibulum ac est lacinia nisi', '품절', '2021-05-27 00:00:00', '2021-09-23 00:00:00'),
	(300, '584569380-2', '외국어', 'Veribet', 'Joell', 'Gabcube', 300, 984, 'noimage.jpg', 'aliquet pulvinar sed nisl nunc rhoncus dui vel sem sed sagittis nam congue risus', '절판', '2021-05-25 00:00:00', '2021-09-23 00:00:00'),
	(301, '374578567-3', '만화', 'Fintone', 'Lindi', 'Centidel', 301, 579, 'noimage.jpg', 'congue risus semper porta volutpat quam pede lobortis ligula sit', '판매중', '2021-08-05 00:00:00', '2021-09-23 00:00:00'),
	(302, '994374923-7', '여행', 'Veribet', 'Rickard', 'Layo', 302, 952, 'noimage.jpg', 'nulla nunc purus phasellus in felis donec semper sapien a libero nam dui proin leo odio porttitor id consequat', '판매중', '2021-04-27 00:00:00', '2021-09-23 00:00:00'),
	(303, '456248272-9', '소설', 'Cardify', 'Andy', 'Twitterbeat', 303, 643, 'noimage.jpg', 'molestie lorem quisque ut erat curabitur gravida nisi at nibh', '품절', '2021-08-03 00:00:00', '2021-09-23 00:00:00'),
	(304, '719338594-1', '만화', 'Viva', 'Blane', 'Feednation', 304, 754, 'noimage.jpg', 'quam nec dui luctus rutrum nulla tellus in sagittis dui vel nisl duis ac nibh', '판매중', '2021-08-29 00:00:00', '2021-09-23 00:00:00'),
	(305, '649297738-6', '소설', 'Cardguard', 'Alisun', 'Livetube', 305, 565, 'noimage.jpg', 'ut rhoncus aliquet pulvinar sed nisl nunc rhoncus dui vel sem sed sagittis nam congue', '품절', '2021-03-01 00:00:00', '2021-09-23 00:00:00'),
	(306, '807220083-6', '소설', 'Toughjoyfax', 'Shell', 'Skyba', 306, 403, 'noimage.jpg', 'quam pharetra magna ac consequat metus sapien ut nunc vestibulum ante ipsum primis in faucibus orci luctus et', '절판', '2021-07-02 00:00:00', '2021-09-23 00:00:00'),
	(307, '661873167-4', '만화', 'Matsoft', 'Broderick', 'Pixonyx', 307, 926, 'noimage.jpg', 'consequat morbi a ipsum integer a nibh in quis justo maecenas rhoncus aliquam lacus', '품절', '2021-08-02 00:00:00', '2021-09-23 00:00:00'),
	(308, '816945129-9', '만화', 'Tampflex', 'Bertie', 'Flipbug', 308, 792, 'noimage.jpg', 'quam suspendisse potenti nullam porttitor lacus at turpis donec posuere metus vitae ipsum aliquam non mauris morbi non lectus aliquam', '품절', '2021-06-21 00:00:00', '2021-09-23 00:00:00'),
	(309, '692297353-4', '소설', 'Sub-Ex', 'Timotheus', 'Yakitri', 309, 716, 'noimage.jpg', 'a libero nam dui proin leo odio porttitor id consequat', '판매중', '2021-08-09 00:00:00', '2021-09-23 00:00:00'),
	(310, '681824088-7', '경제', 'Aerified', 'Morley', 'Photobean', 310, 447, 'noimage.jpg', 'duis consequat dui nec nisi volutpat eleifend donec ut dolor morbi vel lectus in quam fringilla rhoncus', '절판', '2021-07-28 00:00:00', '2021-09-23 00:00:00'),
	(311, '258459347-5', '경제', 'Fintone', 'Theodor', 'Chatterbridge', 311, 952, 'noimage.jpg', 'sit amet eros suspendisse accumsan tortor quis turpis sed ante vivamus tortor duis mattis egestas metus aenean fermentum', '절판', '2020-09-30 00:00:00', '2021-09-23 00:00:00'),
	(312, '025338401-X', '만화', 'Alphazap', 'Elfrida', 'Kimia', 312, 153, 'noimage.jpg', 'scelerisque quam turpis adipiscing lorem vitae mattis nibh ligula nec sem duis aliquam convallis nunc proin at turpis', '판매중', '2021-01-28 00:00:00', '2021-09-23 00:00:00'),
	(313, '853259785-8', '외국어', 'Otcom', 'Pauline', 'BlogXS', 313, 777, 'noimage.jpg', 'integer ac neque duis bibendum morbi non quam nec dui', '구편절판', '2020-11-20 00:00:00', '2021-09-23 00:00:00'),
	(314, '574889155-7', '경제', 'Rank', 'Lowell', 'Eamia', 314, 540, 'noimage.jpg', 'posuere metus vitae ipsum aliquam non mauris morbi non lectus aliquam sit amet diam in magna', '절판', '2020-11-28 00:00:00', '2021-09-23 00:00:00'),
	(315, '407759073-6', '소설', 'Bytecard', 'Sadye', 'Mycat', 315, 897, 'noimage.jpg', 'ut nulla sed accumsan felis ut at dolor quis odio consequat varius integer ac leo', '절판', '2021-08-29 00:00:00', '2021-09-23 00:00:00'),
	(316, '553140608-8', '경제', 'Y-find', 'Burr', 'Riffpath', 316, 687, 'noimage.jpg', 'in sapien iaculis congue vivamus metus arcu adipiscing molestie hendrerit at vulputate vitae nisl aenean lectus pellentesque eget', '구편절판', '2021-08-08 00:00:00', '2021-09-23 00:00:00'),
	(317, '038650715-5', '외국어', 'Konklux', 'Zena', 'Flipopia', 317, 423, 'noimage.jpg', 'dolor quis odio consequat varius integer ac leo pellentesque ultrices mattis odio donec vitae nisi nam ultrices libero non', '판매중', '2021-08-10 00:00:00', '2021-09-23 00:00:00'),
	(318, '813086652-8', '여행', 'Bigtax', 'Emlen', 'Twimbo', 318, 249, 'noimage.jpg', 'in est risus auctor sed tristique in tempus sit amet sem fusce consequat nulla nisl', '판매중', '2021-01-05 00:00:00', '2021-09-23 00:00:00'),
	(319, '971727040-6', '만화', 'Opela', 'Garrik', 'Buzzshare', 319, 395, 'noimage.jpg', 'rhoncus aliquam lacus morbi quis tortor id nulla ultrices aliquet maecenas leo odio condimentum id luctus', '품절', '2021-09-11 00:00:00', '2021-09-23 00:00:00'),
	(320, '276825144-5', '경제', 'Cookley', 'Lelah', 'Devshare', 320, 854, 'noimage.jpg', 'convallis nulla neque libero convallis eget eleifend luctus ultricies eu nibh quisque id justo sit amet sapien', '판매중', '2021-09-10 00:00:00', '2021-09-23 00:00:00'),
	(321, '080087471-4', '여행', 'Holdlamis', 'Albie', 'Teklist', 321, 442, 'noimage.jpg', 'hac habitasse platea dictumst maecenas ut massa quis augue luctus', '품절', '2021-08-31 00:00:00', '2021-09-23 00:00:00'),
	(322, '700528407-0', '외국어', 'Flexidy', 'Bertrand', 'Fatz', 322, 855, 'noimage.jpg', 'in faucibus orci luctus et ultrices posuere cubilia curae nulla dapibus dolor', '절판', '2021-06-09 00:00:00', '2021-09-23 00:00:00'),
	(323, '257642801-0', '외국어', 'Zontrax', 'Quill', 'Lajo', 323, 496, 'noimage.jpg', 'blandit non interdum in ante vestibulum ante ipsum primis in faucibus orci luctus et', '판매중', '2020-09-30 00:00:00', '2021-09-23 00:00:00'),
	(324, '458774742-4', '외국어', 'Stringtough', 'Gisela', 'Photolist', 324, 800, 'noimage.jpg', 'a suscipit nulla elit ac nulla sed vel enim sit amet nunc viverra dapibus nulla suscipit ligula in lacus curabitur', '품절', '2021-08-27 00:00:00', '2021-09-23 00:00:00'),
	(325, '056944923-5', '여행', 'Duobam', 'Coleen', 'Browsebug', 325, 880, 'noimage.jpg', 'in quam fringilla rhoncus mauris enim leo rhoncus sed vestibulum', '판매중', '2021-05-14 00:00:00', '2021-09-23 00:00:00'),
	(326, '661825514-7', '외국어', 'Latlux', 'Padget', 'Dynabox', 326, 348, 'noimage.jpg', 'magna bibendum imperdiet nullam orci pede venenatis non sodales sed tincidunt eu felis fusce posuere', '품절', '2021-01-01 00:00:00', '2021-09-23 00:00:00'),
	(327, '147194878-1', '경제', 'Konklux', 'Sam', 'Youspan', 327, 363, 'noimage.jpg', 'vestibulum quam sapien varius ut blandit non interdum in ante vestibulum ante ipsum primis in', '구편절판', '2021-08-07 00:00:00', '2021-09-23 00:00:00'),
	(328, '341139978-3', '경제', 'Cardify', 'Arney', 'Gigazoom', 328, 739, 'noimage.jpg', 'augue a suscipit nulla elit ac nulla sed vel enim sit amet nunc viverra dapibus', '품절', '2020-12-11 00:00:00', '2021-09-23 00:00:00'),
	(329, '819502483-1', '외국어', 'Bitwolf', 'Bibbie', 'Vitz', 329, 394, 'noimage.jpg', 'laoreet ut rhoncus aliquet pulvinar sed nisl nunc rhoncus dui vel sem sed sagittis nam congue risus semper', '품절', '2021-03-24 00:00:00', '2021-09-23 00:00:00'),
	(330, '124073141-8', '외국어', 'Pannier', 'Nissa', 'Yoveo', 330, 293, 'noimage.jpg', 'molestie lorem quisque ut erat curabitur gravida nisi at nibh in hac habitasse platea dictumst aliquam augue quam', '구편절판', '2020-11-21 00:00:00', '2021-09-23 00:00:00'),
	(331, '933725467-0', '소설', 'Konklab', 'Danie', 'Realcube', 331, 360, 'noimage.jpg', 'phasellus id sapien in sapien iaculis congue vivamus metus arcu adipiscing molestie hendrerit at vulputate vitae nisl aenean lectus', '품절', '2021-08-26 00:00:00', '2021-09-23 00:00:00'),
	(332, '158136258-7', '경제', 'Zontrax', 'Chickie', 'Skinte', 332, 447, 'noimage.jpg', 'nulla facilisi cras non velit nec nisi vulputate nonummy maecenas tincidunt lacus at velit vivamus vel nulla eget', '판매중', '2020-11-29 00:00:00', '2021-09-23 00:00:00'),
	(333, '879459100-8', '경제', 'Solarbreeze', 'Jean', 'Kwimbee', 333, 883, 'noimage.jpg', 'ante vel ipsum praesent blandit lacinia erat vestibulum sed magna at nunc commodo placerat praesent blandit nam', '절판', '2021-02-26 00:00:00', '2021-09-23 00:00:00'),
	(334, '810034268-7', '만화', 'Trippledex', 'Izzy', 'Avavee', 334, 898, 'noimage.jpg', 'curae donec pharetra magna vestibulum aliquet ultrices erat tortor sollicitudin mi sit amet lobortis sapien sapien non mi integer ac', '절판', '2021-04-10 00:00:00', '2021-09-23 00:00:00'),
	(335, '574061407-4', '경제', 'Konklux', 'Dare', 'Topicware', 335, 629, 'noimage.jpg', 'in lacus curabitur at ipsum ac tellus semper interdum mauris ullamcorper purus sit amet', '구편절판', '2021-07-15 00:00:00', '2021-09-23 00:00:00'),
	(336, '494383216-4', '만화', 'Flexidy', 'Laughton', 'Twitterbridge', 336, 929, 'noimage.jpg', 'orci pede venenatis non sodales sed tincidunt eu felis fusce posuere felis sed', '절판', '2021-03-19 00:00:00', '2021-09-23 00:00:00'),
	(337, '207451842-0', '여행', 'Transcof', 'Errick', 'Realbridge', 337, 262, 'noimage.jpg', 'sit amet justo morbi ut odio cras mi pede malesuada in imperdiet', '구편절판', '2021-06-23 00:00:00', '2021-09-23 00:00:00'),
	(338, '591402223-1', '여행', 'Viva', 'Nannette', 'Meembee', 338, 404, 'noimage.jpg', 'rutrum nulla nunc purus phasellus in felis donec semper sapien a libero nam dui proin leo odio porttitor', '절판', '2021-05-26 00:00:00', '2021-09-23 00:00:00'),
	(339, '652971472-3', '경제', 'Stringtough', 'Cammie', 'Innotype', 339, 111, 'noimage.jpg', 'vitae quam suspendisse potenti nullam porttitor lacus at turpis donec posuere metus vitae ipsum aliquam', '품절', '2020-10-16 00:00:00', '2021-09-23 00:00:00'),
	(340, '540572355-X', '만화', 'Veribet', 'Marianne', 'Linktype', 340, 444, 'noimage.jpg', 'luctus cum sociis natoque penatibus et magnis dis parturient montes nascetur ridiculus mus vivamus vestibulum sagittis sapien cum sociis', '절판', '2021-02-01 00:00:00', '2021-09-23 00:00:00'),
	(341, '784506147-6', '외국어', 'Hatity', 'Guendolen', 'Twitterwire', 341, 277, 'noimage.jpg', 'faucibus orci luctus et ultrices posuere cubilia curae donec pharetra magna vestibulum aliquet ultrices erat tortor', '구편절판', '2021-02-12 00:00:00', '2021-09-23 00:00:00'),
	(342, '779396279-6', '소설', 'Stringtough', 'Yance', 'Oba', 342, 747, 'noimage.jpg', 'diam neque vestibulum eget vulputate ut ultrices vel augue vestibulum ante ipsum primis in faucibus orci luctus', '판매중', '2020-12-08 00:00:00', '2021-09-23 00:00:00'),
	(343, '997635311-1', '소설', 'Lotstring', 'Harvey', 'Bubblemix', 343, 921, 'noimage.jpg', 'vulputate ut ultrices vel augue vestibulum ante ipsum primis in faucibus orci luctus et ultrices posuere cubilia curae donec pharetra', '판매중', '2021-01-13 00:00:00', '2021-09-23 00:00:00'),
	(344, '770244561-0', '만화', 'Asoka', 'Claire', 'Meevee', 344, 896, 'noimage.jpg', 'libero quis orci nullam molestie nibh in lectus pellentesque at', '절판', '2021-02-21 00:00:00', '2021-09-23 00:00:00'),
	(345, '270999561-1', '여행', 'Zoolab', 'Lanna', 'Centidel', 345, 383, 'noimage.jpg', 'amet cursus id turpis integer aliquet massa id lobortis convallis tortor risus dapibus augue vel accumsan tellus nisi', '품절', '2020-11-17 00:00:00', '2021-09-23 00:00:00'),
	(346, '255922584-0', '경제', 'Tempsoft', 'Camellia', 'Wordpedia', 346, 802, 'noimage.jpg', 'donec quis orci eget orci vehicula condimentum curabitur in libero ut massa volutpat convallis', '판매중', '2021-04-06 00:00:00', '2021-09-23 00:00:00'),
	(347, '940787152-5', '경제', 'Duobam', 'Tori', 'Kwideo', 347, 808, 'noimage.jpg', 'odio odio elementum eu interdum eu tincidunt in leo maecenas pulvinar lobortis est phasellus sit amet erat nulla tempus vivamus', '절판', '2021-02-09 00:00:00', '2021-09-23 00:00:00'),
	(348, '302672472-6', '여행', 'Zontrax', 'Annmaria', 'Riffpedia', 348, 796, 'noimage.jpg', 'non velit nec nisi vulputate nonummy maecenas tincidunt lacus at velit vivamus vel nulla eget', '절판', '2021-08-23 00:00:00', '2021-09-23 00:00:00'),
	(349, '398414551-9', '여행', 'Tampflex', 'Christiana', 'Cogilith', 349, 211, 'noimage.jpg', 'vestibulum sed magna at nunc commodo placerat praesent blandit nam nulla integer pede', '절판', '2021-07-17 00:00:00', '2021-09-23 00:00:00'),
	(350, '806663021-2', '여행', 'Redhold', 'Judie', 'Voolia', 350, 645, 'noimage.jpg', 'elit sodales scelerisque mauris sit amet eros suspendisse accumsan tortor quis', '구편절판', '2020-11-04 00:00:00', '2021-09-23 00:00:00'),
	(351, '573952762-7', '소설', 'Asoka', 'Liana', 'Ntags', 351, 427, 'noimage.jpg', 'pede morbi porttitor lorem id ligula suspendisse ornare consequat lectus in est risus auctor sed tristique', '품절', '2021-08-17 00:00:00', '2021-09-23 00:00:00'),
	(352, '169184589-2', '경제', 'Vagram', 'Gay', 'Innotype', 352, 271, 'noimage.jpg', 'nulla nisl nunc nisl duis bibendum felis sed interdum venenatis turpis enim blandit', '품절', '2020-12-27 00:00:00', '2021-09-23 00:00:00'),
	(353, '361260321-3', '외국어', 'Opela', 'Sophi', 'Roodel', 353, 102, 'noimage.jpg', 'ac enim in tempor turpis nec euismod scelerisque quam turpis adipiscing lorem vitae mattis nibh ligula nec', '판매중', '2021-09-20 00:00:00', '2021-09-23 00:00:00'),
	(354, '672757869-9', '외국어', 'It', 'Constancia', 'Ooba', 354, 979, 'noimage.jpg', 'eu interdum eu tincidunt in leo maecenas pulvinar lobortis est phasellus sit amet erat nulla tempus vivamus in', '절판', '2020-09-26 00:00:00', '2021-09-23 00:00:00'),
	(355, '614786705-9', '만화', 'Solarbreeze', 'Waylen', 'Photospace', 355, 453, 'noimage.jpg', 'cras mi pede malesuada in imperdiet et commodo vulputate justo in blandit', '판매중', '2021-03-18 00:00:00', '2021-09-23 00:00:00'),
	(356, '650451801-7', '소설', 'Latlux', 'Curt', 'Feedfish', 356, 334, 'noimage.jpg', 'justo eu massa donec dapibus duis at velit eu est congue elementum', '품절', '2021-09-07 00:00:00', '2021-09-23 00:00:00'),
	(357, '613954338-X', '경제', 'Prodder', 'Zorah', 'Tagfeed', 357, 874, 'noimage.jpg', 'suscipit a feugiat et eros vestibulum ac est lacinia nisi venenatis', '품절', '2021-08-22 00:00:00', '2021-09-23 00:00:00'),
	(358, '052229633-5', '만화', 'It', 'Rosella', 'Youspan', 358, 468, 'noimage.jpg', 'nunc nisl duis bibendum felis sed interdum venenatis turpis enim blandit mi in porttitor pede justo eu massa donec dapibus', '품절', '2020-11-28 00:00:00', '2021-09-23 00:00:00'),
	(359, '984114387-9', '외국어', 'Zathin', 'Caritta', 'Camimbo', 359, 541, 'noimage.jpg', 'dolor morbi vel lectus in quam fringilla rhoncus mauris enim leo', '구편절판', '2021-06-25 00:00:00', '2021-09-23 00:00:00'),
	(360, '464051871-4', '여행', 'Prodder', 'Jacquie', 'Divavu', 360, 189, 'noimage.jpg', 'in hac habitasse platea dictumst maecenas ut massa quis augue luctus tincidunt nulla mollis molestie lorem quisque', '판매중', '2020-09-29 00:00:00', '2021-09-23 00:00:00'),
	(361, '742413496-5', '여행', 'Latlux', 'Mildrid', 'Wikizz', 361, 402, 'noimage.jpg', 'neque aenean auctor gravida sem praesent id massa id nisl venenatis lacinia', '판매중', '2020-09-23 00:00:00', '2021-09-23 00:00:00'),
	(362, '437947902-1', '여행', 'Job', 'Kerrill', 'Izio', 362, 693, 'noimage.jpg', 'id ligula suspendisse ornare consequat lectus in est risus auctor sed', '절판', '2021-01-05 00:00:00', '2021-09-23 00:00:00'),
	(363, '629248577-3', '만화', 'Voltsillam', 'Bruis', 'Brainverse', 363, 529, 'noimage.jpg', 'non velit nec nisi vulputate nonummy maecenas tincidunt lacus at', '판매중', '2020-10-25 00:00:00', '2021-09-23 00:00:00'),
	(364, '863167764-7', '외국어', 'Alphazap', 'Marty', 'Eayo', 364, 469, 'noimage.jpg', 'magna at nunc commodo placerat praesent blandit nam nulla integer pede justo lacinia eget tincidunt', '구편절판', '2020-09-24 00:00:00', '2021-09-23 00:00:00'),
	(365, '424624671-9', '소설', 'Trippledex', 'Catherina', 'Kwideo', 365, 190, 'noimage.jpg', 'enim blandit mi in porttitor pede justo eu massa donec dapibus duis at velit eu est congue elementum in hac', '판매중', '2021-06-25 00:00:00', '2021-09-23 00:00:00'),
	(366, '688947381-7', '소설', 'Zontrax', 'Stefa', 'Tagpad', 366, 914, 'noimage.jpg', 'elementum nullam varius nulla facilisi cras non velit nec nisi vulputate nonummy maecenas tincidunt lacus at velit vivamus vel nulla', '판매중', '2020-09-29 00:00:00', '2021-09-23 00:00:00'),
	(367, '748522928-1', '외국어', 'Zathin', 'Lay', 'Yakidoo', 367, 416, 'noimage.jpg', 'sed tincidunt eu felis fusce posuere felis sed lacus morbi sem mauris', '구편절판', '2021-04-03 00:00:00', '2021-09-23 00:00:00'),
	(368, '566235173-2', '여행', 'Flowdesk', 'Jenni', 'Tagpad', 368, 688, 'noimage.jpg', 'non pretium quis lectus suspendisse potenti in eleifend quam a odio in hac habitasse platea dictumst maecenas ut', '절판', '2021-07-07 00:00:00', '2021-09-23 00:00:00'),
	(369, '550323666-1', '여행', 'Keylex', 'Gussie', 'Dabvine', 369, 449, 'noimage.jpg', 'in quam fringilla rhoncus mauris enim leo rhoncus sed vestibulum sit', '품절', '2020-09-23 00:00:00', '2021-09-23 00:00:00'),
	(370, '918100984-4', '경제', 'Y-find', 'Jacquetta', 'Geba', 370, 675, 'noimage.jpg', 'vestibulum velit id pretium iaculis diam erat fermentum justo nec condimentum', '절판', '2021-02-27 00:00:00', '2021-09-23 00:00:00'),
	(371, '957248190-8', '여행', 'Zaam-Dox', 'Jedidiah', 'Twinder', 371, 411, 'noimage.jpg', 'integer aliquet massa id lobortis convallis tortor risus dapibus augue vel accumsan tellus nisi eu orci mauris lacinia', '품절', '2021-06-13 00:00:00', '2021-09-23 00:00:00'),
	(372, '965147940-X', '만화', 'Stim', 'Olivia', 'Babbleblab', 372, 673, 'noimage.jpg', 'adipiscing molestie hendrerit at vulputate vitae nisl aenean lectus pellentesque eget nunc donec quis orci eget orci', '절판', '2020-12-10 00:00:00', '2021-09-23 00:00:00'),
	(373, '333253007-0', '외국어', 'Prodder', 'Madelina', 'Wikizz', 373, 757, 'noimage.jpg', 'leo maecenas pulvinar lobortis est phasellus sit amet erat nulla tempus vivamus in felis eu sapien cursus vestibulum proin eu', '구편절판', '2021-06-26 00:00:00', '2021-09-23 00:00:00'),
	(374, '930507028-0', '소설', 'Transcof', 'Allene', 'Vinte', 374, 434, 'noimage.jpg', 'sapien placerat ante nulla justo aliquam quis turpis eget elit sodales scelerisque mauris sit amet eros suspendisse accumsan tortor quis', '판매중', '2021-09-22 00:00:00', '2021-09-23 00:00:00'),
	(375, '143664697-9', '외국어', 'Duobam', 'Celestine', 'Quimba', 375, 107, 'noimage.jpg', 'sem duis aliquam convallis nunc proin at turpis a pede posuere nonummy integer non velit donec', '절판', '2021-08-10 00:00:00', '2021-09-23 00:00:00'),
	(376, '362605678-3', '소설', 'Flowdesk', 'Alexandrina', 'Gabtype', 376, 458, 'noimage.jpg', 'nunc donec quis orci eget orci vehicula condimentum curabitur in', '절판', '2020-10-19 00:00:00', '2021-09-23 00:00:00'),
	(377, '748395181-8', '여행', 'Asoka', 'Jessalyn', 'Kanoodle', 377, 721, 'noimage.jpg', 'vestibulum sit amet cursus id turpis integer aliquet massa id lobortis convallis tortor', '판매중', '2021-04-28 00:00:00', '2021-09-23 00:00:00'),
	(378, '915601607-7', '외국어', 'Prodder', 'Augusta', 'Photobean', 378, 241, 'noimage.jpg', 'potenti cras in purus eu magna vulputate luctus cum sociis natoque penatibus et magnis dis parturient montes nascetur', '판매중', '2021-08-14 00:00:00', '2021-09-23 00:00:00'),
	(379, '204727996-8', '만화', 'Sub-Ex', 'Lavinia', 'Trunyx', 379, 423, 'noimage.jpg', 'aliquet maecenas leo odio condimentum id luctus nec molestie sed justo', '판매중', '2021-05-27 00:00:00', '2021-09-23 00:00:00'),
	(380, '058730584-3', '경제', 'Alphazap', 'Harrietta', 'Zoomcast', 380, 202, 'noimage.jpg', 'neque aenean auctor gravida sem praesent id massa id nisl venenatis lacinia aenean sit amet justo morbi ut odio cras', '구편절판', '2020-11-17 00:00:00', '2021-09-23 00:00:00'),
	(381, '074426820-6', '만화', 'Treeflex', 'Keith', 'Gabspot', 381, 742, 'noimage.jpg', 'vel accumsan tellus nisi eu orci mauris lacinia sapien quis libero nullam sit amet turpis', '판매중', '2020-09-25 00:00:00', '2021-09-23 00:00:00'),
	(382, '383307406-X', '경제', 'Toughjoyfax', 'Mordecai', 'Zoonoodle', 382, 745, 'noimage.jpg', 'odio consequat varius integer ac leo pellentesque ultrices mattis odio donec vitae nisi nam', '구편절판', '2021-05-19 00:00:00', '2021-09-23 00:00:00'),
	(383, '689622161-5', '만화', 'Zaam-Dox', 'Billye', 'Brightbean', 383, 348, 'noimage.jpg', 'consequat morbi a ipsum integer a nibh in quis justo maecenas rhoncus', '절판', '2021-07-17 00:00:00', '2021-09-23 00:00:00'),
	(384, '400571771-3', '경제', 'Lotlux', 'Marcela', 'Mynte', 384, 487, 'noimage.jpg', 'quisque porta volutpat erat quisque erat eros viverra eget congue eget semper rutrum', '판매중', '2020-12-24 00:00:00', '2021-09-23 00:00:00'),
	(385, '653740146-1', '외국어', 'Bitchip', 'Thomasin', 'Thoughtworks', 385, 666, 'noimage.jpg', 'tortor id nulla ultrices aliquet maecenas leo odio condimentum id luctus nec molestie sed justo', '절판', '2021-02-15 00:00:00', '2021-09-23 00:00:00'),
	(386, '293254911-1', '여행', 'Rank', 'Inglebert', 'Kamba', 386, 158, 'noimage.jpg', 'posuere cubilia curae nulla dapibus dolor vel est donec odio justo sollicitudin ut suscipit a feugiat et', '품절', '2021-09-01 00:00:00', '2021-09-23 00:00:00'),
	(387, '604657341-6', '경제', 'Cardguard', 'Winnah', 'Skiba', 387, 895, 'noimage.jpg', 'ante ipsum primis in faucibus orci luctus et ultrices posuere cubilia curae duis faucibus accumsan odio curabitur convallis duis consequat', '구편절판', '2021-04-03 00:00:00', '2021-09-23 00:00:00'),
	(388, '906972647-5', '여행', 'Kanlam', 'Portia', 'Mydeo', 388, 291, 'noimage.jpg', 'eu interdum eu tincidunt in leo maecenas pulvinar lobortis est phasellus sit amet erat nulla tempus vivamus', '구편절판', '2021-06-21 00:00:00', '2021-09-23 00:00:00'),
	(389, '280544465-5', '소설', 'Regrant', 'Ernie', 'Skimia', 389, 319, 'noimage.jpg', 'mauris non ligula pellentesque ultrices phasellus id sapien in sapien iaculis congue vivamus metus arcu adipiscing molestie hendrerit', '구편절판', '2021-03-17 00:00:00', '2021-09-23 00:00:00'),
	(390, '552020812-3', '소설', 'Vagram', 'Bendix', 'Podcat', 390, 868, 'noimage.jpg', 'a libero nam dui proin leo odio porttitor id consequat in consequat ut nulla sed accumsan felis ut at dolor', '판매중', '2020-12-16 00:00:00', '2021-09-23 00:00:00'),
	(391, '704052376-0', '만화', 'Fix San', 'Gloria', 'Topiclounge', 391, 568, 'noimage.jpg', 'cum sociis natoque penatibus et magnis dis parturient montes nascetur', '판매중', '2020-10-06 00:00:00', '2021-09-23 00:00:00'),
	(392, '492602483-7', '소설', 'Bytecard', 'Jefferson', 'Brightdog', 392, 916, 'noimage.jpg', 'nam congue risus semper porta volutpat quam pede lobortis ligula sit amet', '품절', '2021-01-09 00:00:00', '2021-09-23 00:00:00'),
	(393, '346839614-7', '외국어', 'Temp', 'Freedman', 'Voonix', 393, 844, 'noimage.jpg', 'integer ac neque duis bibendum morbi non quam nec dui luctus rutrum nulla tellus in sagittis', '구편절판', '2021-02-11 00:00:00', '2021-09-23 00:00:00'),
	(394, '708729287-0', '만화', 'Voyatouch', 'Mirella', 'Trilith', 394, 342, 'noimage.jpg', 'ligula vehicula consequat morbi a ipsum integer a nibh in quis justo maecenas rhoncus aliquam lacus morbi', '절판', '2020-12-29 00:00:00', '2021-09-23 00:00:00'),
	(395, '483478485-1', '외국어', 'Konklab', 'Dallis', 'Skyba', 395, 781, 'noimage.jpg', 'sapien dignissim vestibulum vestibulum ante ipsum primis in faucibus orci luctus et ultrices posuere', '판매중', '2020-10-31 00:00:00', '2021-09-23 00:00:00'),
	(396, '900451556-9', '소설', 'Alphazap', 'Davis', 'Tagchat', 396, 625, 'noimage.jpg', 'donec ut mauris eget massa tempor convallis nulla neque libero convallis eget eleifend luctus ultricies', '판매중', '2021-05-29 00:00:00', '2021-09-23 00:00:00'),
	(397, '126636962-7', '소설', 'Keylex', 'Katinka', 'Photobug', 397, 662, 'noimage.jpg', 'nascetur ridiculus mus etiam vel augue vestibulum rutrum rutrum neque aenean auctor gravida sem', '품절', '2021-04-01 00:00:00', '2021-09-23 00:00:00'),
	(398, '981935955-4', '만화', 'Trippledex', 'Lorenza', 'Flashspan', 398, 715, 'noimage.jpg', 'pretium iaculis justo in hac habitasse platea dictumst etiam faucibus cursus urna ut tellus nulla ut', '구편절판', '2020-11-20 00:00:00', '2021-09-23 00:00:00'),
	(399, '795821914-8', '외국어', 'Opela', 'Krystyna', 'Skajo', 399, 713, 'noimage.jpg', 'pede libero quis orci nullam molestie nibh in lectus pellentesque', '구편절판', '2021-06-12 00:00:00', '2021-09-23 00:00:00'),
	(400, '969463205-6', '여행', 'Redhold', 'Phylis', 'Minyx', 400, 627, 'noimage.jpg', 'in felis donec semper sapien a libero nam dui proin', '절판', '2021-09-01 00:00:00', '2021-09-23 00:00:00'),
	(401, '457116222-7', '소설', 'Regrant', 'Edmund', 'Vinder', 401, 475, 'noimage.jpg', 'lacus at velit vivamus vel nulla eget eros elementum pellentesque quisque porta volutpat erat quisque erat eros', '판매중', '2020-12-16 00:00:00', '2021-09-23 00:00:00'),
	(402, '170038479-1', '외국어', 'Konklab', 'Antonina', 'Avavee', 402, 523, 'noimage.jpg', 'ac tellus semper interdum mauris ullamcorper purus sit amet nulla quisque arcu libero rutrum ac lobortis', '판매중', '2021-07-18 00:00:00', '2021-09-23 00:00:00'),
	(403, '835183220-0', '만화', 'Trippledex', 'Alberik', 'Riffwire', 403, 725, 'noimage.jpg', 'interdum venenatis turpis enim blandit mi in porttitor pede justo eu', '판매중', '2021-05-16 00:00:00', '2021-09-23 00:00:00'),
	(404, '352931082-4', '외국어', 'Regrant', 'Carce', 'Mynte', 404, 678, 'noimage.jpg', 'velit donec diam neque vestibulum eget vulputate ut ultrices vel augue vestibulum ante ipsum primis', '품절', '2021-09-19 00:00:00', '2021-09-23 00:00:00'),
	(405, '019522866-9', '경제', 'Flexidy', 'Adore', 'Topiczoom', 405, 896, 'noimage.jpg', 'fusce posuere felis sed lacus morbi sem mauris laoreet ut rhoncus aliquet pulvinar sed nisl nunc rhoncus dui', '판매중', '2020-10-05 00:00:00', '2021-09-23 00:00:00'),
	(406, '607240925-3', '소설', 'Hatity', 'Guy', 'Eadel', 406, 573, 'noimage.jpg', 'nisi venenatis tristique fusce congue diam id ornare imperdiet sapien urna', '절판', '2020-11-03 00:00:00', '2021-09-23 00:00:00'),
	(407, '561052634-5', '경제', 'Zontrax', 'Rivkah', 'Tagchat', 407, 890, 'noimage.jpg', 'ridiculus mus vivamus vestibulum sagittis sapien cum sociis natoque penatibus et magnis dis parturient montes nascetur ridiculus', '절판', '2021-09-08 00:00:00', '2021-09-23 00:00:00'),
	(408, '856712526-X', '만화', 'Sonair', 'Wallie', 'Shufflester', 408, 197, 'noimage.jpg', 'diam in magna bibendum imperdiet nullam orci pede venenatis non sodales sed tincidunt eu felis fusce posuere felis', '절판', '2021-07-10 00:00:00', '2021-09-23 00:00:00'),
	(409, '347909216-0', '경제', 'Bitchip', 'Griz', 'Eidel', 409, 227, 'noimage.jpg', 'congue risus semper porta volutpat quam pede lobortis ligula sit amet eleifend pede libero quis orci nullam molestie nibh in', '절판', '2021-05-04 00:00:00', '2021-09-23 00:00:00'),
	(410, '173511456-1', '만화', 'Holdlamis', 'Franciskus', 'Zava', 410, 800, 'noimage.jpg', 'porttitor pede justo eu massa donec dapibus duis at velit eu est', '품절', '2021-08-11 00:00:00', '2021-09-23 00:00:00'),
	(411, '838491112-6', '만화', 'Domainer', 'Vernen', 'Skidoo', 411, 248, 'noimage.jpg', 'in sapien iaculis congue vivamus metus arcu adipiscing molestie hendrerit at vulputate vitae nisl aenean lectus pellentesque eget nunc donec', '절판', '2021-07-26 00:00:00', '2021-09-23 00:00:00'),
	(412, '620192439-6', '만화', 'Kanlam', 'Niven', 'Fivechat', 412, 203, 'noimage.jpg', 'id luctus nec molestie sed justo pellentesque viverra pede ac diam cras pellentesque volutpat dui maecenas', '절판', '2021-05-24 00:00:00', '2021-09-23 00:00:00'),
	(413, '344333617-5', '여행', 'Matsoft', 'Chucho', 'Wikido', 413, 629, 'noimage.jpg', 'consequat varius integer ac leo pellentesque ultrices mattis odio donec vitae nisi nam ultrices libero', '구편절판', '2021-04-05 00:00:00', '2021-09-23 00:00:00'),
	(414, '907032002-9', '외국어', 'Pannier', 'Arlen', 'Fivechat', 414, 354, 'noimage.jpg', 'vestibulum sed magna at nunc commodo placerat praesent blandit nam nulla integer', '구편절판', '2020-11-26 00:00:00', '2021-09-23 00:00:00'),
	(415, '373452466-0', '소설', 'Stim', 'Aylmar', 'Youspan', 415, 950, 'noimage.jpg', 'libero nam dui proin leo odio porttitor id consequat in consequat ut nulla sed', '구편절판', '2020-12-29 00:00:00', '2021-09-23 00:00:00'),
	(416, '627642836-1', '여행', 'Quo Lux', 'Minetta', 'Topiczoom', 416, 198, 'noimage.jpg', 'curabitur convallis duis consequat dui nec nisi volutpat eleifend donec ut dolor morbi', '품절', '2020-11-22 00:00:00', '2021-09-23 00:00:00'),
	(417, '922108916-9', '경제', 'Span', 'Shell', 'Youtags', 417, 114, 'noimage.jpg', 'semper est quam pharetra magna ac consequat metus sapien ut nunc vestibulum ante ipsum primis', '품절', '2021-03-11 00:00:00', '2021-09-23 00:00:00'),
	(418, '701332887-1', '소설', 'Fix San', 'Elle', 'Yambee', 418, 338, 'noimage.jpg', 'eu magna vulputate luctus cum sociis natoque penatibus et magnis dis parturient montes nascetur', '절판', '2020-10-03 00:00:00', '2021-09-23 00:00:00'),
	(419, '405381092-2', '경제', 'Quo Lux', 'Nata', 'Gigazoom', 419, 518, 'noimage.jpg', 'ultrices vel augue vestibulum ante ipsum primis in faucibus orci luctus et ultrices posuere cubilia curae donec', '품절', '2021-01-14 00:00:00', '2021-09-23 00:00:00'),
	(420, '422229121-8', '외국어', 'Aerified', 'Jeffry', 'Eayo', 420, 815, 'noimage.jpg', 'sed justo pellentesque viverra pede ac diam cras pellentesque volutpat dui maecenas tristique', '품절', '2021-09-15 00:00:00', '2021-09-23 00:00:00'),
	(421, '094864642-X', '경제', 'Trippledex', 'Modestia', 'Jabberbean', 421, 757, 'noimage.jpg', 'et ultrices posuere cubilia curae nulla dapibus dolor vel est donec', '품절', '2020-11-23 00:00:00', '2021-09-23 00:00:00'),
	(422, '393084837-6', '여행', 'Otcom', 'Nicolette', 'Trilith', 422, 971, 'noimage.jpg', 'cum sociis natoque penatibus et magnis dis parturient montes nascetur ridiculus mus', '품절', '2021-01-19 00:00:00', '2021-09-23 00:00:00'),
	(423, '781372832-7', '만화', 'Mat Lam Tam', 'Nikola', 'Thoughtmix', 423, 845, 'noimage.jpg', 'elementum ligula vehicula consequat morbi a ipsum integer a nibh in quis justo', '절판', '2021-04-09 00:00:00', '2021-09-23 00:00:00'),
	(424, '928389832-X', '경제', 'Cardguard', 'Madonna', 'Quimm', 424, 454, 'noimage.jpg', 'vitae mattis nibh ligula nec sem duis aliquam convallis nunc', '판매중', '2021-04-22 00:00:00', '2021-09-23 00:00:00'),
	(425, '454334932-6', '경제', 'Opela', 'Agnesse', 'Voonix', 425, 457, 'noimage.jpg', 'at nulla suspendisse potenti cras in purus eu magna vulputate luctus cum', '품절', '2020-11-26 00:00:00', '2021-09-23 00:00:00'),
	(426, '020747447-8', '경제', 'Zathin', 'Abel', 'Aimbo', 426, 814, 'noimage.jpg', 'in leo maecenas pulvinar lobortis est phasellus sit amet erat nulla tempus', '판매중', '2021-08-15 00:00:00', '2021-09-23 00:00:00'),
	(427, '195013947-6', '소설', 'Treeflex', 'Syd', 'Twimbo', 427, 765, 'noimage.jpg', 'turpis eget elit sodales scelerisque mauris sit amet eros suspendisse accumsan tortor quis turpis sed ante vivamus', '절판', '2021-03-06 00:00:00', '2021-09-23 00:00:00'),
	(428, '761807831-9', '경제', 'Namfix', 'Ashton', 'Ainyx', 428, 963, 'noimage.jpg', 'metus arcu adipiscing molestie hendrerit at vulputate vitae nisl aenean lectus pellentesque eget nunc donec quis orci', '구편절판', '2020-11-07 00:00:00', '2021-09-23 00:00:00'),
	(429, '903955136-7', '소설', 'Tres-Zap', 'Hobie', 'Gigaclub', 429, 614, 'noimage.jpg', 'nec euismod scelerisque quam turpis adipiscing lorem vitae mattis nibh ligula nec', '구편절판', '2021-07-29 00:00:00', '2021-09-23 00:00:00'),
	(430, '311878618-3', '여행', 'Tampflex', 'Bertha', 'Yacero', 430, 885, 'noimage.jpg', 'tortor risus dapibus augue vel accumsan tellus nisi eu orci mauris lacinia sapien quis libero nullam sit', '절판', '2021-09-04 00:00:00', '2021-09-23 00:00:00'),
	(431, '542822908-X', '만화', 'Ronstring', 'Margy', 'Eayo', 431, 131, 'noimage.jpg', 'ligula in lacus curabitur at ipsum ac tellus semper interdum mauris ullamcorper purus sit amet nulla quisque', '구편절판', '2020-10-07 00:00:00', '2021-09-23 00:00:00'),
	(432, '429499679-X', '소설', 'Zoolab', 'Nessi', 'Topdrive', 432, 250, 'noimage.jpg', 'sed tincidunt eu felis fusce posuere felis sed lacus morbi sem mauris laoreet ut', '품절', '2020-10-31 00:00:00', '2021-09-23 00:00:00'),
	(433, '649205757-0', '만화', 'Bamity', 'Nanon', 'Camimbo', 433, 435, 'noimage.jpg', 'ipsum integer a nibh in quis justo maecenas rhoncus aliquam lacus', '품절', '2021-09-11 00:00:00', '2021-09-23 00:00:00'),
	(434, '730606741-9', '만화', 'Konklux', 'Myrna', 'Mydo', 434, 378, 'noimage.jpg', 'justo morbi ut odio cras mi pede malesuada in imperdiet et commodo vulputate justo in blandit ultrices enim lorem ipsum', '구편절판', '2021-01-01 00:00:00', '2021-09-23 00:00:00'),
	(435, '363343521-2', '소설', 'Sub-Ex', 'Alessandra', 'Avavee', 435, 100, 'noimage.jpg', 'pretium iaculis diam erat fermentum justo nec condimentum neque sapien placerat ante nulla justo aliquam', '판매중', '2020-11-14 00:00:00', '2021-09-23 00:00:00'),
	(436, '294945452-6', '소설', 'Zathin', 'Tomi', 'Gabcube', 436, 703, 'noimage.jpg', 'viverra eget congue eget semper rutrum nulla nunc purus phasellus in felis donec semper sapien', '판매중', '2021-02-14 00:00:00', '2021-09-23 00:00:00'),
	(437, '365177299-3', '여행', 'Hatity', 'Constantino', 'Feedspan', 437, 637, 'noimage.jpg', 'et ultrices posuere cubilia curae duis faucibus accumsan odio curabitur convallis', '절판', '2021-08-31 00:00:00', '2021-09-23 00:00:00'),
	(438, '316576693-2', '소설', 'Duobam', 'Jeanie', 'Muxo', 438, 660, 'noimage.jpg', 'volutpat in congue etiam justo etiam pretium iaculis justo in hac habitasse platea', '절판', '2021-08-19 00:00:00', '2021-09-23 00:00:00'),
	(439, '110912401-5', '경제', 'Flexidy', 'Malachi', 'Jamia', 439, 544, 'noimage.jpg', 'ipsum primis in faucibus orci luctus et ultrices posuere cubilia curae mauris viverra diam vitae quam suspendisse', '절판', '2021-03-11 00:00:00', '2021-09-23 00:00:00'),
	(440, '224308020-6', '여행', 'Y-find', 'Viv', 'Twitterbridge', 440, 154, 'noimage.jpg', 'donec ut mauris eget massa tempor convallis nulla neque libero convallis eget eleifend luctus ultricies eu nibh', '품절', '2021-04-01 00:00:00', '2021-09-23 00:00:00'),
	(441, '583062250-5', '만화', 'Pannier', 'Tine', 'Divavu', 441, 980, 'noimage.jpg', 'duis at velit eu est congue elementum in hac habitasse', '절판', '2021-08-18 00:00:00', '2021-09-23 00:00:00'),
	(442, '395836168-4', '경제', 'Fixflex', 'Marilee', 'Kimia', 442, 233, 'noimage.jpg', 'in ante vestibulum ante ipsum primis in faucibus orci luctus', '구편절판', '2021-03-23 00:00:00', '2021-09-23 00:00:00'),
	(443, '396345469-5', '경제', 'Bamity', 'Mabelle', 'Fivebridge', 443, 875, 'noimage.jpg', 'nibh in hac habitasse platea dictumst aliquam augue quam sollicitudin vitae consectetuer', '구편절판', '2021-01-30 00:00:00', '2021-09-23 00:00:00'),
	(444, '630981946-1', '경제', 'Zaam-Dox', 'Tallia', 'Avavee', 444, 668, 'noimage.jpg', 'scelerisque quam turpis adipiscing lorem vitae mattis nibh ligula nec sem duis aliquam convallis nunc', '판매중', '2021-02-26 00:00:00', '2021-09-23 00:00:00'),
	(445, '186212234-2', '소설', 'Zamit', 'Ulla', 'Midel', 445, 939, 'noimage.jpg', 'metus sapien ut nunc vestibulum ante ipsum primis in faucibus orci luctus et ultrices posuere cubilia curae', '절판', '2021-04-03 00:00:00', '2021-09-23 00:00:00'),
	(446, '597565275-8', '소설', 'Trippledex', 'Seana', 'Gabcube', 446, 884, 'noimage.jpg', 'ante vestibulum ante ipsum primis in faucibus orci luctus et', '품절', '2021-05-29 00:00:00', '2021-09-23 00:00:00'),
	(447, '222601611-2', '여행', 'Rank', 'Maisie', 'Mycat', 447, 277, 'noimage.jpg', 'cubilia curae mauris viverra diam vitae quam suspendisse potenti nullam porttitor lacus at', '구편절판', '2021-01-22 00:00:00', '2021-09-23 00:00:00'),
	(448, '312371275-3', '경제', 'Wrapsafe', 'Carlo', 'Vitz', 448, 424, 'noimage.jpg', 'ac nulla sed vel enim sit amet nunc viverra dapibus nulla suscipit ligula in lacus curabitur at ipsum', '품절', '2020-12-07 00:00:00', '2021-09-23 00:00:00'),
	(449, '172865671-0', '만화', 'Latlux', 'Zack', 'Trilith', 449, 603, 'noimage.jpg', 'eros viverra eget congue eget semper rutrum nulla nunc purus phasellus in felis', '절판', '2020-11-23 00:00:00', '2021-09-23 00:00:00'),
	(450, '320960577-7', '경제', 'Transcof', 'Fianna', 'Innojam', 450, 904, 'noimage.jpg', 'scelerisque quam turpis adipiscing lorem vitae mattis nibh ligula nec sem duis aliquam convallis nunc proin at turpis a pede', '품절', '2020-10-31 00:00:00', '2021-09-23 00:00:00'),
	(451, '737670119-2', '소설', 'Prodder', 'Gus', 'Photojam', 451, 203, 'noimage.jpg', 'primis in faucibus orci luctus et ultrices posuere cubilia curae duis faucibus accumsan odio curabitur convallis duis consequat dui', '절판', '2020-11-21 00:00:00', '2021-09-23 00:00:00'),
	(452, '804878746-6', '여행', 'Tresom', 'Hansiain', 'Flashspan', 452, 612, 'noimage.jpg', 'integer tincidunt ante vel ipsum praesent blandit lacinia erat vestibulum sed magna at nunc commodo placerat praesent blandit nam', '절판', '2021-06-12 00:00:00', '2021-09-23 00:00:00'),
	(453, '154753271-8', '여행', 'Overhold', 'Heath', 'Muxo', 453, 437, 'noimage.jpg', 'purus eu magna vulputate luctus cum sociis natoque penatibus et magnis dis parturient montes nascetur ridiculus mus vivamus vestibulum', '구편절판', '2020-12-19 00:00:00', '2021-09-23 00:00:00'),
	(454, '118564206-4', '만화', 'Voyatouch', 'Charley', 'Shufflester', 454, 612, 'noimage.jpg', 'id pretium iaculis diam erat fermentum justo nec condimentum neque sapien placerat ante nulla justo aliquam', '절판', '2020-11-25 00:00:00', '2021-09-23 00:00:00'),
	(455, '375672686-X', '경제', 'Aerified', 'Arleen', 'Blogtags', 455, 904, 'noimage.jpg', 'ipsum integer a nibh in quis justo maecenas rhoncus aliquam lacus morbi quis tortor id nulla ultrices aliquet maecenas leo', '품절', '2021-04-13 00:00:00', '2021-09-23 00:00:00'),
	(456, '999701075-2', '만화', 'Konklab', 'Olga', 'Teklist', 456, 930, 'noimage.jpg', 'massa tempor convallis nulla neque libero convallis eget eleifend luctus ultricies eu', '판매중', '2021-09-21 00:00:00', '2021-09-23 00:00:00'),
	(457, '033100586-7', '만화', 'Flowdesk', 'Zollie', 'Eare', 457, 668, 'noimage.jpg', 'venenatis lacinia aenean sit amet justo morbi ut odio cras mi pede malesuada in imperdiet et commodo vulputate justo', '품절', '2021-09-12 00:00:00', '2021-09-23 00:00:00'),
	(458, '366150405-3', '외국어', 'Zaam-Dox', 'Towny', 'Zoomdog', 458, 241, 'noimage.jpg', 'amet justo morbi ut odio cras mi pede malesuada in', '품절', '2021-06-30 00:00:00', '2021-09-23 00:00:00'),
	(459, '296521847-5', '외국어', 'Namfix', 'Concordia', 'Yotz', 459, 126, 'noimage.jpg', 'mauris lacinia sapien quis libero nullam sit amet turpis elementum ligula vehicula consequat morbi a', '절판', '2021-06-07 00:00:00', '2021-09-23 00:00:00'),
	(460, '429486916-X', '만화', 'Konklux', 'Wallie', 'Babbleblab', 460, 819, 'noimage.jpg', 'arcu sed augue aliquam erat volutpat in congue etiam justo etiam pretium iaculis justo in hac habitasse platea dictumst', '절판', '2020-12-26 00:00:00', '2021-09-23 00:00:00'),
	(461, '791313969-2', '외국어', 'Ronstring', 'Elvyn', 'Flashpoint', 461, 227, 'noimage.jpg', 'at vulputate vitae nisl aenean lectus pellentesque eget nunc donec quis orci eget orci vehicula condimentum curabitur in libero', '품절', '2021-09-03 00:00:00', '2021-09-23 00:00:00'),
	(462, '660957729-3', '경제', 'Matsoft', 'Barth', 'Chatterpoint', 462, 575, 'noimage.jpg', 'potenti cras in purus eu magna vulputate luctus cum sociis natoque penatibus', '판매중', '2021-08-05 00:00:00', '2021-09-23 00:00:00'),
	(463, '290525747-4', '만화', 'Bytecard', 'Geri', 'Yakijo', 463, 249, 'noimage.jpg', 'rhoncus aliquet pulvinar sed nisl nunc rhoncus dui vel sem sed sagittis nam congue', '구편절판', '2020-11-22 00:00:00', '2021-09-23 00:00:00'),
	(464, '662847140-3', '외국어', 'Latlux', 'Zandra', 'Aimbo', 464, 762, 'noimage.jpg', 'blandit ultrices enim lorem ipsum dolor sit amet consectetuer adipiscing elit proin', '구편절판', '2021-04-29 00:00:00', '2021-09-23 00:00:00'),
	(465, '499638416-6', '경제', 'Regrant', 'Roderich', 'Feednation', 465, 754, 'noimage.jpg', 'eget semper rutrum nulla nunc purus phasellus in felis donec semper sapien a libero nam dui', '품절', '2020-11-05 00:00:00', '2021-09-23 00:00:00'),
	(466, '281300333-6', '외국어', 'Pannier', 'Adele', 'Shuffletag', 466, 870, 'noimage.jpg', 'tortor duis mattis egestas metus aenean fermentum donec ut mauris eget massa tempor', '품절', '2021-09-01 00:00:00', '2021-09-23 00:00:00'),
	(467, '473273888-5', '소설', 'Greenlam', 'Tally', 'Babbleset', 467, 539, 'noimage.jpg', 'quis lectus suspendisse potenti in eleifend quam a odio in hac habitasse platea dictumst maecenas', '구편절판', '2021-02-14 00:00:00', '2021-09-23 00:00:00'),
	(468, '896423807-9', '외국어', 'Kanlam', 'Anette', 'Twitternation', 468, 233, 'noimage.jpg', 'pede libero quis orci nullam molestie nibh in lectus pellentesque at nulla suspendisse potenti', '구편절판', '2020-11-26 00:00:00', '2021-09-23 00:00:00'),
	(469, '124225720-9', '만화', 'Kanlam', 'Leeanne', 'LiveZ', 469, 970, 'noimage.jpg', 'in purus eu magna vulputate luctus cum sociis natoque penatibus et magnis dis parturient montes nascetur ridiculus mus', '절판', '2021-07-11 00:00:00', '2021-09-23 00:00:00'),
	(470, '183241354-3', '여행', 'Namfix', 'Tabatha', 'Eidel', 470, 256, 'noimage.jpg', 'dictumst maecenas ut massa quis augue luctus tincidunt nulla mollis molestie lorem quisque ut erat curabitur gravida nisi at', '구편절판', '2020-12-29 00:00:00', '2021-09-23 00:00:00'),
	(471, '138678323-4', '만화', 'Tempsoft', 'Sheena', 'Kaymbo', 471, 984, 'noimage.jpg', 'scelerisque mauris sit amet eros suspendisse accumsan tortor quis turpis sed ante vivamus tortor duis mattis', '구편절판', '2021-09-21 00:00:00', '2021-09-23 00:00:00'),
	(472, '347932236-0', '만화', 'Toughjoyfax', 'Penelope', 'Camimbo', 472, 474, 'noimage.jpg', 'integer ac neque duis bibendum morbi non quam nec dui luctus rutrum nulla tellus in sagittis dui vel', '절판', '2020-10-12 00:00:00', '2021-09-23 00:00:00'),
	(473, '464028798-4', '경제', 'Lotstring', 'Cathie', 'Trudeo', 473, 935, 'noimage.jpg', 'iaculis justo in hac habitasse platea dictumst etiam faucibus cursus urna ut tellus nulla ut erat id mauris vulputate elementum', '구편절판', '2020-10-09 00:00:00', '2021-09-23 00:00:00'),
	(474, '044223787-1', '경제', 'Regrant', 'Kimball', 'Shuffletag', 474, 780, 'noimage.jpg', 'platea dictumst maecenas ut massa quis augue luctus tincidunt nulla mollis molestie lorem quisque ut erat curabitur', '품절', '2021-08-29 00:00:00', '2021-09-23 00:00:00'),
	(475, '413567553-0', '만화', 'Overhold', 'Marga', 'Trudeo', 475, 285, 'noimage.jpg', 'aliquet pulvinar sed nisl nunc rhoncus dui vel sem sed sagittis nam congue', '절판', '2021-06-17 00:00:00', '2021-09-23 00:00:00'),
	(476, '463867390-2', '여행', 'Flexidy', 'Saba', 'Brightbean', 476, 575, 'noimage.jpg', 'eget semper rutrum nulla nunc purus phasellus in felis donec semper sapien a libero nam dui', '절판', '2021-01-25 00:00:00', '2021-09-23 00:00:00'),
	(477, '305524685-3', '외국어', 'Sub-Ex', 'Debera', 'Skyvu', 477, 400, 'noimage.jpg', 'curabitur in libero ut massa volutpat convallis morbi odio odio elementum eu interdum eu tincidunt in leo maecenas pulvinar lobortis', '절판', '2021-07-10 00:00:00', '2021-09-23 00:00:00'),
	(478, '514182950-2', '여행', 'Y-Solowarm', 'Saw', 'Vipe', 478, 547, 'noimage.jpg', 'sem mauris laoreet ut rhoncus aliquet pulvinar sed nisl nunc rhoncus dui vel sem sed sagittis nam congue risus', '판매중', '2020-12-25 00:00:00', '2021-09-23 00:00:00'),
	(479, '644354002-6', '외국어', 'Zaam-Dox', 'Bren', 'Browsedrive', 479, 698, 'noimage.jpg', 'luctus et ultrices posuere cubilia curae mauris viverra diam vitae', '품절', '2020-11-04 00:00:00', '2021-09-23 00:00:00'),
	(480, '687326533-0', '경제', 'Stim', 'Richie', 'Dabtype', 480, 696, 'noimage.jpg', 'ut ultrices vel augue vestibulum ante ipsum primis in faucibus orci', '구편절판', '2021-03-28 00:00:00', '2021-09-23 00:00:00'),
	(481, '074508686-1', '만화', 'Fintone', 'Shaun', 'Linkbuzz', 481, 726, 'noimage.jpg', 'ante nulla justo aliquam quis turpis eget elit sodales scelerisque mauris sit amet eros', '구편절판', '2021-01-06 00:00:00', '2021-09-23 00:00:00'),
	(482, '838887989-8', '경제', 'Konklab', 'Judy', 'Trudeo', 482, 470, 'noimage.jpg', 'suspendisse accumsan tortor quis turpis sed ante vivamus tortor duis mattis egestas metus', '품절', '2021-05-13 00:00:00', '2021-09-23 00:00:00'),
	(483, '197765799-0', '외국어', 'Solarbreeze', 'Penni', 'Tagcat', 483, 493, 'noimage.jpg', 'feugiat et eros vestibulum ac est lacinia nisi venenatis tristique fusce congue diam id ornare imperdiet', '품절', '2020-10-26 00:00:00', '2021-09-23 00:00:00'),
	(484, '107799943-7', '소설', 'Bigtax', 'Heriberto', 'Skivee', 484, 558, 'noimage.jpg', 'ante ipsum primis in faucibus orci luctus et ultrices posuere cubilia curae', '절판', '2020-10-04 00:00:00', '2021-09-23 00:00:00'),
	(485, '649778984-7', '외국어', 'Holdlamis', 'Pamela', 'Lazzy', 485, 758, 'noimage.jpg', 'ut erat id mauris vulputate elementum nullam varius nulla facilisi cras non velit', '구편절판', '2021-06-25 00:00:00', '2021-09-23 00:00:00'),
	(486, '956985172-4', '만화', 'Redhold', 'Bibby', 'Brainverse', 486, 482, 'a3.jpg', 'sapien cum sociis natoque penatibus et magnis dis parturient montes nascetur', '품절', '2021-09-22 00:00:00', '2021-09-23 00:00:00'),
	(487, '564069829-2', '만화', 'Hatity', 'Gaynor', 'Snaptags', 487, 681, 'noimage.jpg', 'platea dictumst etiam faucibus cursus urna ut tellus nulla ut erat id', '절판', '2021-08-06 00:00:00', '2021-09-23 00:00:00'),
	(488, '620635331-1', '소설', 'Latlux', 'Thain', 'Fatz', 488, 898, 'noimage.jpg', 'velit nec nisi vulputate nonummy maecenas tincidunt lacus at velit vivamus vel nulla eget eros elementum pellentesque quisque', '품절', '2020-11-24 00:00:00', '2021-09-23 00:00:00'),
	(489, '812494704-X', '외국어', 'Namfix', 'Erskine', 'Oozz', 489, 795, 'noimage.jpg', 'metus vitae ipsum aliquam non mauris morbi non lectus aliquam sit amet diam in magna bibendum imperdiet', '구편절판', '2021-02-21 00:00:00', '2021-09-23 00:00:00'),
	(490, '156707943-1', '외국어', 'Sonsing', 'Haleigh', 'Voomm', 490, 858, 'noimage.jpg', 'pulvinar lobortis est phasellus sit amet erat nulla tempus vivamus in felis eu sapien cursus vestibulum proin eu', '구편절판', '2021-06-30 00:00:00', '2021-09-23 00:00:00'),
	(491, '622245370-8', '여행', 'Aerified', 'Marje', 'Quimm', 491, 688, 'noimage.jpg', 'quis justo maecenas rhoncus aliquam lacus morbi quis tortor id nulla ultrices aliquet maecenas leo odio', '구편절판', '2020-10-24 00:00:00', '2021-09-23 00:00:00'),
	(492, '556317339-9', '여행', 'Temp', 'Merrile', 'Innojam', 492, 337, 'noimage.jpg', 'faucibus orci luctus et ultrices posuere cubilia curae donec pharetra magna vestibulum aliquet ultrices erat tortor sollicitudin mi sit amet', '절판', '2020-09-24 00:00:00', '2021-09-23 00:00:00'),
	(493, '497732463-3', '경제', 'Cookley', 'Luke', 'Thoughtstorm', 493, 954, 'noimage.jpg', 'vitae ipsum aliquam non mauris morbi non lectus aliquam sit amet diam in magna bibendum imperdiet nullam orci', '구편절판', '2021-05-10 00:00:00', '2021-09-23 00:00:00'),
	(494, '684450992-8', '여행', 'Tin', 'Wilhelmina', 'Ntags', 494, 643, 'noimage.jpg', 'quisque ut erat curabitur gravida nisi at nibh in hac habitasse platea dictumst aliquam augue', '절판', '2020-10-18 00:00:00', '2021-09-23 00:00:00'),
	(495, '913877485-2', '만화', 'Bitchip', 'Saundra', 'Mycat', 495, 989, 'noimage.jpg', 'vulputate vitae nisl aenean lectus pellentesque eget nunc donec quis orci eget orci vehicula condimentum curabitur in libero ut', '절판', '2021-06-01 00:00:00', '2021-09-23 00:00:00'),
	(496, '667723394-4', '만화', 'Stronghold', 'Michaella', 'Agimba', 496, 197, 'noimage.jpg', 'vivamus metus arcu adipiscing molestie hendrerit at vulputate vitae nisl aenean lectus pellentesque eget nunc donec', '구편절판', '2021-02-20 00:00:00', '2021-09-23 00:00:00'),
	(497, '767840968-0', '외국어', 'Solarbreeze', 'Gay', 'Skyble', 497, 521, 'noimage.jpg', 'enim blandit mi in porttitor pede justo eu massa donec dapibus duis at velit', '절판', '2021-04-06 00:00:00', '2021-09-23 00:00:00'),
	(498, '646745695-5', '경제', 'Holdlamis', 'Mira', 'Einti', 498, 191, 'noimage.jpg', 'molestie hendrerit at vulputate vitae nisl aenean lectus pellentesque eget nunc donec', '절판', '2021-02-25 00:00:00', '2021-09-23 00:00:00'),
	(499, '208777225-8', '외국어', 'Alpha', 'Ann-marie', 'Demizz', 499, 236, 'noimage.jpg', 'quisque id justo sit amet sapien dignissim vestibulum vestibulum ante ipsum primis', '품절', '2021-01-12 00:00:00', '2021-09-23 00:00:00'),
	(500, '638544423-6', '소설', 'Sonsing', 'Minne', 'Muxo', 500, 605, 'noimage.jpg', 'id lobortis convallis tortor risus dapibus augue vel accumsan tellus', '구편절판', '2021-07-24 00:00:00', '2021-09-23 00:00:00'),
	(501, '354633135-4', '만화', 'Sub-Ex', 'Maritsa', 'Camimbo', 501, 889, 'noimage.jpg', 'justo etiam pretium iaculis justo in hac habitasse platea dictumst', '구편절판', '2021-01-19 00:00:00', '2021-09-23 00:00:00'),
	(502, '920567780-9', '외국어', 'Domainer', 'Hoebart', 'Kimia', 502, 303, 'noimage.jpg', 'augue luctus tincidunt nulla mollis molestie lorem quisque ut erat curabitur gravida nisi at nibh in', '구편절판', '2021-07-22 00:00:00', '2021-09-23 00:00:00'),
	(503, '731531932-8', '외국어', 'Stronghold', 'Alvira', 'Eamia', 503, 510, 'noimage.jpg', 'rutrum neque aenean auctor gravida sem praesent id massa id nisl venenatis lacinia aenean sit', '판매중', '2021-08-10 00:00:00', '2021-09-23 00:00:00'),
	(504, '862401873-0', '소설', 'Redhold', 'Davin', 'Voolith', 504, 835, 'noimage.jpg', 'venenatis lacinia aenean sit amet justo morbi ut odio cras mi pede malesuada in', '판매중', '2021-08-16 00:00:00', '2021-09-23 00:00:00'),
	(505, '663809560-9', '경제', 'Bitchip', 'Verla', 'Zoonder', 505, 530, 'noimage.jpg', 'leo odio porttitor id consequat in consequat ut nulla sed accumsan felis ut at dolor quis odio consequat varius', '구편절판', '2020-09-25 00:00:00', '2021-09-23 00:00:00'),
	(506, '336957788-7', '경제', 'Tin', 'Gray', 'Riffpath', 506, 986, 'noimage.jpg', 'praesent blandit lacinia erat vestibulum sed magna at nunc commodo placerat praesent blandit nam nulla integer pede', '판매중', '2021-02-19 00:00:00', '2021-09-23 00:00:00'),
	(507, '330161604-6', '경제', 'Stringtough', 'Eudora', 'Youopia', 507, 571, 'noimage.jpg', 'egestas metus aenean fermentum donec ut mauris eget massa tempor convallis nulla neque libero convallis eget eleifend luctus ultricies eu', '품절', '2021-08-08 00:00:00', '2021-09-23 00:00:00'),
	(508, '341157226-4', '소설', 'Temp', 'Kassie', 'Thoughtmix', 508, 784, 'noimage.jpg', 'luctus et ultrices posuere cubilia curae duis faucibus accumsan odio curabitur convallis duis consequat dui nec nisi', '품절', '2021-03-24 00:00:00', '2021-09-23 00:00:00'),
	(509, '652333145-8', '경제', 'Flexidy', 'Humfrid', 'Npath', 509, 653, 'noimage.jpg', 'risus dapibus augue vel accumsan tellus nisi eu orci mauris', '판매중', '2021-04-30 00:00:00', '2021-09-23 00:00:00'),
	(510, '963650865-8', '여행', 'Regrant', 'Fanny', 'Eire', 510, 262, 'noimage.jpg', 'metus sapien ut nunc vestibulum ante ipsum primis in faucibus orci luctus', '품절', '2021-08-12 00:00:00', '2021-09-23 00:00:00'),
	(511, '530651524-X', '소설', 'Treeflex', 'Templeton', 'Skaboo', 511, 521, 'noimage.jpg', 'enim in tempor turpis nec euismod scelerisque quam turpis adipiscing lorem vitae mattis nibh ligula nec sem', '구편절판', '2021-07-04 00:00:00', '2021-09-23 00:00:00'),
	(512, '168293777-1', '만화', 'Ventosanzap', 'Sterling', 'Realcube', 512, 282, 'noimage.jpg', 'congue vivamus metus arcu adipiscing molestie hendrerit at vulputate vitae nisl', '구편절판', '2021-07-08 00:00:00', '2021-09-23 00:00:00'),
	(513, '498246525-8', '외국어', 'Job', 'Al', 'Quinu', 513, 123, 'noimage.jpg', 'ultrices mattis odio donec vitae nisi nam ultrices libero non mattis pulvinar', '구편절판', '2021-09-08 00:00:00', '2021-09-23 00:00:00'),
	(514, '496003642-7', '소설', 'Quo Lux', 'Harry', 'Skimia', 514, 524, 'noimage.jpg', 'maecenas pulvinar lobortis est phasellus sit amet erat nulla tempus vivamus in felis eu sapien cursus', '판매중', '2020-12-29 00:00:00', '2021-09-23 00:00:00'),
	(515, '541879767-0', '외국어', 'Treeflex', 'Lou', 'Flipbug', 515, 958, 'noimage.jpg', 'risus semper porta volutpat quam pede lobortis ligula sit amet eleifend pede libero', '품절', '2021-02-15 00:00:00', '2021-09-23 00:00:00'),
	(516, '086299276-1', '만화', 'Zontrax', 'Korry', 'Wikivu', 516, 964, 'noimage.jpg', 'nulla eget eros elementum pellentesque quisque porta volutpat erat quisque erat eros viverra eget congue', '판매중', '2021-08-22 00:00:00', '2021-09-23 00:00:00'),
	(517, '578085271-5', '여행', 'Bitwolf', 'Ciro', 'Voomm', 517, 711, 'noimage.jpg', 'erat volutpat in congue etiam justo etiam pretium iaculis justo in hac habitasse platea dictumst etiam faucibus cursus', '구편절판', '2021-09-07 00:00:00', '2021-09-23 00:00:00'),
	(518, '491570176-X', '경제', 'Opela', 'Pembroke', 'BlogXS', 518, 418, 'noimage.jpg', 'turpis adipiscing lorem vitae mattis nibh ligula nec sem duis aliquam convallis nunc proin at', '판매중', '2021-07-29 00:00:00', '2021-09-23 00:00:00'),
	(519, '511318479-9', '만화', 'Alpha', 'Ginny', 'Linklinks', 519, 342, 'noimage.jpg', 'massa id nisl venenatis lacinia aenean sit amet justo morbi ut odio cras mi pede', '품절', '2021-08-01 00:00:00', '2021-09-23 00:00:00'),
	(520, '765026658-3', '경제', 'Opela', 'Wandis', 'Gabvine', 520, 883, 'noimage.jpg', 'in purus eu magna vulputate luctus cum sociis natoque penatibus et magnis dis parturient montes nascetur', '절판', '2020-10-23 00:00:00', '2021-09-23 00:00:00'),
	(521, '163460971-9', '소설', 'Otcom', 'Alden', 'Browseblab', 521, 855, 'noimage.jpg', 'pede posuere nonummy integer non velit donec diam neque vestibulum eget vulputate ut ultrices', '판매중', '2021-01-21 00:00:00', '2021-09-23 00:00:00'),
	(522, '618238513-8', '만화', 'Zontrax', 'June', 'Edgepulse', 522, 707, 'noimage.jpg', 'vel nisl duis ac nibh fusce lacus purus aliquet at feugiat non pretium quis lectus', '품절', '2021-08-12 00:00:00', '2021-09-23 00:00:00'),
	(523, '337964556-7', '소설', 'Domainer', 'Paxton', 'Divape', 523, 719, 'noimage.jpg', 'posuere nonummy integer non velit donec diam neque vestibulum eget vulputate ut ultrices vel augue vestibulum', '절판', '2021-03-23 00:00:00', '2021-09-23 00:00:00'),
	(524, '569026752-X', '여행', 'Konklab', 'Gaston', 'Kwimbee', 524, 704, 'noimage.jpg', 'dapibus dolor vel est donec odio justo sollicitudin ut suscipit a', '구편절판', '2021-01-18 00:00:00', '2021-09-23 00:00:00'),
	(525, '024209582-8', '외국어', 'Stringtough', 'Giuditta', 'Fivespan', 525, 303, 'noimage.jpg', 'etiam vel augue vestibulum rutrum rutrum neque aenean auctor gravida sem', '절판', '2020-12-09 00:00:00', '2021-09-23 00:00:00'),
	(526, '505693843-2', '소설', 'Toughjoyfax', 'Farrah', 'Wordware', 526, 844, 'noimage.jpg', 'imperdiet et commodo vulputate justo in blandit ultrices enim lorem ipsum dolor sit amet consectetuer adipiscing elit proin interdum', '품절', '2021-07-03 00:00:00', '2021-09-23 00:00:00'),
	(527, '248396002-2', '외국어', 'Alphazap', 'Ealasaid', 'Twimm', 527, 427, 'noimage.jpg', 'sit amet turpis elementum ligula vehicula consequat morbi a ipsum integer a nibh in quis justo maecenas rhoncus aliquam lacus', '품절', '2021-03-13 00:00:00', '2021-09-23 00:00:00'),
	(528, '538062818-4', '외국어', 'Greenlam', 'Peta', 'Blognation', 528, 884, 'noimage.jpg', 'pede ac diam cras pellentesque volutpat dui maecenas tristique est et tempus semper est quam pharetra', '품절', '2021-06-01 00:00:00', '2021-09-23 00:00:00'),
	(529, '698313451-6', '여행', 'Tresom', 'Constantino', 'Eamia', 529, 801, 'noimage.jpg', 'eros elementum pellentesque quisque porta volutpat erat quisque erat eros viverra eget congue eget semper rutrum nulla nunc purus phasellus', '구편절판', '2020-12-16 00:00:00', '2021-09-23 00:00:00'),
	(530, '299849935-X', '경제', 'Tres-Zap', 'Clementius', 'Janyx', 530, 663, 'noimage.jpg', 'purus phasellus in felis donec semper sapien a libero nam dui proin', '절판', '2021-03-05 00:00:00', '2021-09-23 00:00:00'),
	(531, '543952454-1', '여행', 'Vagram', 'Maureen', 'Shufflester', 531, 658, 'noimage.jpg', 'iaculis justo in hac habitasse platea dictumst etiam faucibus cursus urna ut tellus', '절판', '2021-07-27 00:00:00', '2021-09-23 00:00:00'),
	(532, '541742987-2', '소설', 'Lotlux', 'Grange', 'Tagfeed', 532, 776, 'noimage.jpg', 'blandit ultrices enim lorem ipsum dolor sit amet consectetuer adipiscing elit proin interdum mauris non', '절판', '2021-01-17 00:00:00', '2021-09-23 00:00:00'),
	(533, '032697867-4', '외국어', 'Quo Lux', 'Christopher', 'Wordtune', 533, 963, 'noimage.jpg', 'donec pharetra magna vestibulum aliquet ultrices erat tortor sollicitudin mi sit amet lobortis sapien sapien non mi integer', '절판', '2021-08-29 00:00:00', '2021-09-23 00:00:00'),
	(534, '045106889-0', '경제', 'Tempsoft', 'Evelin', 'Twitterwire', 534, 403, 'noimage.jpg', 'sapien ut nunc vestibulum ante ipsum primis in faucibus orci', '판매중', '2021-07-24 00:00:00', '2021-09-23 00:00:00'),
	(535, '897645902-4', '만화', 'Latlux', 'Mercedes', 'Roodel', 535, 971, 'noimage.jpg', 'ultrices libero non mattis pulvinar nulla pede ullamcorper augue a suscipit nulla elit ac nulla sed', '절판', '2021-03-11 00:00:00', '2021-09-23 00:00:00'),
	(536, '307661600-5', '소설', 'Pannier', 'Tammi', 'Yabox', 536, 804, 'noimage.jpg', 'vitae mattis nibh ligula nec sem duis aliquam convallis nunc proin', '품절', '2021-01-03 00:00:00', '2021-09-23 00:00:00'),
	(537, '423984893-8', '소설', 'Span', 'Gaspar', 'Skipfire', 537, 480, 'noimage.jpg', 'massa volutpat convallis morbi odio odio elementum eu interdum eu tincidunt in leo maecenas pulvinar lobortis est phasellus sit', '구편절판', '2020-12-02 00:00:00', '2021-09-23 00:00:00'),
	(538, '648252687-X', '외국어', 'Tin', 'Aldous', 'Rhycero', 538, 240, 'noimage.jpg', 'rutrum nulla nunc purus phasellus in felis donec semper sapien a libero nam dui', '품절', '2021-04-12 00:00:00', '2021-09-23 00:00:00'),
	(539, '370927779-5', '여행', 'Alpha', 'Xaviera', 'Zoozzy', 539, 156, 'noimage.jpg', 'justo nec condimentum neque sapien placerat ante nulla justo aliquam quis turpis eget elit sodales scelerisque mauris', '판매중', '2021-03-21 00:00:00', '2021-09-23 00:00:00'),
	(540, '355015406-2', '외국어', 'Fintone', 'Shannon', 'Camimbo', 540, 259, 'noimage.jpg', 'viverra pede ac diam cras pellentesque volutpat dui maecenas tristique est et tempus semper est quam pharetra magna ac consequat', '품절', '2020-11-18 00:00:00', '2021-09-23 00:00:00'),
	(541, '151417475-8', '경제', 'Alphazap', 'Augusto', 'Voolith', 541, 976, 'noimage.jpg', 'odio porttitor id consequat in consequat ut nulla sed accumsan felis ut at dolor quis odio consequat', '절판', '2020-09-28 00:00:00', '2021-09-23 00:00:00'),
	(542, '545495820-4', '경제', 'Opela', 'Robbie', 'Dabjam', 542, 949, 'noimage.jpg', 'proin risus praesent lectus vestibulum quam sapien varius ut blandit non interdum in ante', '구편절판', '2021-07-28 00:00:00', '2021-09-23 00:00:00'),
	(543, '397746203-2', '만화', 'Tempsoft', 'Sofie', 'Flipstorm', 543, 615, 'noimage.jpg', 'integer non velit donec diam neque vestibulum eget vulputate ut', '구편절판', '2021-09-05 00:00:00', '2021-09-23 00:00:00'),
	(544, '324224544-X', '경제', 'Voltsillam', 'Sancho', 'Twitternation', 544, 716, 'noimage.jpg', 'lobortis convallis tortor risus dapibus augue vel accumsan tellus nisi eu orci mauris lacinia sapien', '판매중', '2020-12-15 00:00:00', '2021-09-23 00:00:00'),
	(545, '491392189-4', '소설', 'Konklab', 'Nola', 'Fanoodle', 545, 351, 'noimage.jpg', 'at vulputate vitae nisl aenean lectus pellentesque eget nunc donec quis orci eget orci vehicula condimentum curabitur in libero', '품절', '2021-03-06 00:00:00', '2021-09-23 00:00:00'),
	(546, '322992422-3', '소설', 'Regrant', 'Regen', 'Flashset', 546, 507, 'noimage.jpg', 'quis turpis eget elit sodales scelerisque mauris sit amet eros suspendisse accumsan tortor quis turpis', '판매중', '2021-09-21 00:00:00', '2021-09-23 00:00:00'),
	(547, '953059781-9', '만화', 'Greenlam', 'Marieann', 'Jabbercube', 547, 991, 'noimage.jpg', 'nibh quisque id justo sit amet sapien dignissim vestibulum vestibulum ante ipsum', '절판', '2021-07-23 00:00:00', '2021-09-23 00:00:00'),
	(548, '040800480-0', '소설', 'Biodex', 'Bo', 'Livetube', 548, 155, 'noimage.jpg', 'nisi volutpat eleifend donec ut dolor morbi vel lectus in quam fringilla rhoncus mauris enim leo', '절판', '2020-12-09 00:00:00', '2021-09-23 00:00:00'),
	(549, '704638692-7', '만화', 'Bytecard', 'Tadio', 'Skyvu', 549, 526, 'noimage.jpg', 'dignissim vestibulum vestibulum ante ipsum primis in faucibus orci luctus et ultrices', '품절', '2021-07-07 00:00:00', '2021-09-23 00:00:00'),
	(550, '031628998-1', '여행', 'Lotstring', 'Inness', 'Ntag', 550, 443, 'noimage.jpg', 'velit id pretium iaculis diam erat fermentum justo nec condimentum neque sapien placerat ante nulla justo aliquam quis turpis eget', '구편절판', '2020-10-26 00:00:00', '2021-09-23 00:00:00'),
	(551, '608488549-7', '만화', 'Fixflex', 'Fernando', 'Kayveo', 551, 192, 'noimage.jpg', 'vel nulla eget eros elementum pellentesque quisque porta volutpat erat quisque erat eros viverra eget congue eget semper', '판매중', '2021-03-19 00:00:00', '2021-09-23 00:00:00'),
	(552, '368255111-5', '만화', 'Treeflex', 'Bartholomeus', 'Plajo', 552, 424, 'noimage.jpg', 'cursus id turpis integer aliquet massa id lobortis convallis tortor risus dapibus augue vel accumsan tellus', '구편절판', '2021-03-26 00:00:00', '2021-09-23 00:00:00'),
	(553, '120389584-4', '외국어', 'Toughjoyfax', 'Concettina', 'Vimbo', 553, 385, 'noimage.jpg', 'pretium nisl ut volutpat sapien arcu sed augue aliquam erat volutpat in congue', '구편절판', '2021-09-05 00:00:00', '2021-09-23 00:00:00'),
	(554, '406178128-6', '여행', 'Andalax', 'Salomi', 'Youopia', 554, 833, 'noimage.jpg', 'nulla nisl nunc nisl duis bibendum felis sed interdum venenatis turpis enim blandit mi in', '구편절판', '2021-07-15 00:00:00', '2021-09-23 00:00:00'),
	(555, '952975380-2', '경제', 'Wrapsafe', 'Tonye', 'Abatz', 555, 163, 'noimage.jpg', 'odio condimentum id luctus nec molestie sed justo pellentesque viverra pede ac diam cras pellentesque volutpat', '판매중', '2021-03-30 00:00:00', '2021-09-23 00:00:00'),
	(556, '125019903-4', '만화', 'Subin', 'Lawrence', 'Skidoo', 556, 458, 'noimage.jpg', 'sociis natoque penatibus et magnis dis parturient montes nascetur ridiculus mus etiam vel', '판매중', '2021-01-28 00:00:00', '2021-09-23 00:00:00'),
	(557, '795976510-3', '외국어', 'Y-find', 'Verena', 'Thoughtstorm', 557, 434, 'noimage.jpg', 'duis at velit eu est congue elementum in hac habitasse platea dictumst morbi vestibulum velit id pretium iaculis diam', '품절', '2021-01-19 00:00:00', '2021-09-23 00:00:00'),
	(558, '085579028-8', '만화', 'Stringtough', 'Beatrice', 'Devcast', 558, 191, 'noimage.jpg', 'eu est congue elementum in hac habitasse platea dictumst morbi vestibulum velit id pretium iaculis diam erat fermentum justo', '판매중', '2021-08-05 00:00:00', '2021-09-23 00:00:00'),
	(559, '473723408-7', '여행', 'Sonair', 'Almira', 'Brainbox', 559, 206, 'noimage.jpg', 'turpis donec posuere metus vitae ipsum aliquam non mauris morbi non lectus aliquam sit amet diam', '판매중', '2021-07-08 00:00:00', '2021-09-23 00:00:00'),
	(560, '496223890-6', '소설', 'Konklab', 'Kayley', 'Ntag', 560, 546, 'noimage.jpg', 'in felis donec semper sapien a libero nam dui proin leo', '구편절판', '2021-01-25 00:00:00', '2021-09-23 00:00:00'),
	(561, '007154735-5', '외국어', 'Lotlux', 'Corbin', 'Zoonoodle', 561, 178, 'noimage.jpg', 'fusce consequat nulla nisl nunc nisl duis bibendum felis sed interdum venenatis turpis enim blandit', '절판', '2020-11-21 00:00:00', '2021-09-23 00:00:00'),
	(562, '569444820-0', '경제', 'Voyatouch', 'Sibyl', 'Eire', 562, 145, 'noimage.jpg', 'est congue elementum in hac habitasse platea dictumst morbi vestibulum velit id pretium iaculis diam erat fermentum', '품절', '2021-03-20 00:00:00', '2021-09-23 00:00:00'),
	(563, '655297752-2', '여행', 'Voyatouch', 'Cheston', 'Linkbridge', 563, 474, 'noimage.jpg', 'sed accumsan felis ut at dolor quis odio consequat varius integer', '품절', '2021-03-19 00:00:00', '2021-09-23 00:00:00'),
	(564, '732720918-2', '소설', 'Overhold', 'Willette', 'Mita', 564, 615, 'noimage.jpg', 'orci pede venenatis non sodales sed tincidunt eu felis fusce posuere felis sed lacus morbi sem mauris laoreet', '품절', '2021-02-14 00:00:00', '2021-09-23 00:00:00'),
	(565, '993100902-0', '외국어', 'Greenlam', 'Sadye', 'Babbleopia', 565, 981, 'noimage.jpg', 'in felis donec semper sapien a libero nam dui proin leo odio', '품절', '2021-03-12 00:00:00', '2021-09-23 00:00:00'),
	(566, '598823356-2', '소설', 'Veribet', 'Casar', 'Babbleblab', 566, 741, 'noimage.jpg', 'quam pede lobortis ligula sit amet eleifend pede libero quis orci nullam', '품절', '2021-09-10 00:00:00', '2021-09-23 00:00:00'),
	(567, '916208451-8', '소설', 'Asoka', 'Winny', 'Jayo', 567, 128, 'noimage.jpg', 'quam fringilla rhoncus mauris enim leo rhoncus sed vestibulum sit', '판매중', '2021-09-15 00:00:00', '2021-09-23 00:00:00'),
	(568, '967414067-0', '만화', 'Y-Solowarm', 'Dwight', 'Quinu', 568, 210, 'noimage.jpg', 'vestibulum ante ipsum primis in faucibus orci luctus et ultrices posuere cubilia curae nulla dapibus dolor vel est donec odio', '절판', '2021-08-01 00:00:00', '2021-09-23 00:00:00'),
	(569, '584619866-X', '경제', 'Zoolab', 'Garik', 'Linkbuzz', 569, 664, 'noimage.jpg', 'amet consectetuer adipiscing elit proin risus praesent lectus vestibulum quam sapien varius ut', '품절', '2021-07-09 00:00:00', '2021-09-23 00:00:00'),
	(570, '474013273-7', '소설', 'Span', 'Filbert', 'Oba', 570, 270, 'noimage.jpg', 'luctus ultricies eu nibh quisque id justo sit amet sapien dignissim vestibulum vestibulum ante ipsum primis in faucibus', '절판', '2021-02-25 00:00:00', '2021-09-23 00:00:00'),
	(571, '956807364-7', '만화', 'Voyatouch', 'Cesar', 'Topiclounge', 571, 884, 'noimage.jpg', 'in lacus curabitur at ipsum ac tellus semper interdum mauris ullamcorper', '절판', '2021-08-04 00:00:00', '2021-09-23 00:00:00'),
	(572, '450902644-7', '경제', 'Fixflex', 'Jamil', 'Babbleblab', 572, 436, 'noimage.jpg', 'sed nisl nunc rhoncus dui vel sem sed sagittis nam', '절판', '2021-03-04 00:00:00', '2021-09-23 00:00:00'),
	(573, '408943647-8', '소설', 'Cookley', 'Mandy', 'Dabtype', 573, 409, 'noimage.jpg', 'volutpat in congue etiam justo etiam pretium iaculis justo in hac habitasse', '절판', '2021-02-14 00:00:00', '2021-09-23 00:00:00'),
	(574, '308764130-8', '만화', 'Bigtax', 'Shae', 'Photobug', 574, 368, 'noimage.jpg', 'non sodales sed tincidunt eu felis fusce posuere felis sed lacus morbi', '구편절판', '2021-07-22 00:00:00', '2021-09-23 00:00:00'),
	(575, '565994908-8', '만화', 'Bitwolf', 'Ozzy', 'Vipe', 575, 837, 'noimage.jpg', 'phasellus id sapien in sapien iaculis congue vivamus metus arcu adipiscing molestie hendrerit at vulputate vitae nisl aenean', '절판', '2021-03-11 00:00:00', '2021-09-23 00:00:00'),
	(576, '937313798-0', '외국어', 'Stronghold', 'Tamarra', 'Dynazzy', 576, 354, 'noimage.jpg', 'cubilia curae duis faucibus accumsan odio curabitur convallis duis consequat dui', '구편절판', '2021-02-08 00:00:00', '2021-09-23 00:00:00'),
	(577, '113051257-6', '경제', 'Transcof', 'Robby', 'Kaymbo', 577, 893, 'noimage.jpg', 'odio curabitur convallis duis consequat dui nec nisi volutpat eleifend donec ut dolor', '품절', '2021-09-08 00:00:00', '2021-09-23 00:00:00'),
	(578, '588260817-1', '경제', 'Rank', 'Daryle', 'Vinder', 578, 849, 'noimage.jpg', 'congue eget semper rutrum nulla nunc purus phasellus in felis donec semper sapien a libero nam dui', '품절', '2020-12-13 00:00:00', '2021-09-23 00:00:00'),
	(579, '156493190-0', '경제', 'Voyatouch', 'Ree', 'Muxo', 579, 514, 'noimage.jpg', 'justo eu massa donec dapibus duis at velit eu est congue elementum in hac habitasse', '판매중', '2021-08-18 00:00:00', '2021-09-23 00:00:00'),
	(580, '977891320-X', '외국어', 'Andalax', 'Leyla', 'Oyonder', 580, 631, 'noimage.jpg', 'dolor sit amet consectetuer adipiscing elit proin risus praesent lectus vestibulum quam sapien varius ut blandit', '품절', '2020-10-22 00:00:00', '2021-09-23 00:00:00'),
	(581, '445797537-0', '여행', 'Tampflex', 'Moises', 'Skipfire', 581, 335, 'noimage.jpg', 'consequat dui nec nisi volutpat eleifend donec ut dolor morbi vel lectus in', '판매중', '2021-03-07 00:00:00', '2021-09-23 00:00:00'),
	(582, '935357350-5', '경제', 'Namfix', 'Beverly', 'Babblestorm', 582, 675, 'noimage.jpg', 'sed tristique in tempus sit amet sem fusce consequat nulla nisl nunc nisl duis bibendum', '판매중', '2021-04-07 00:00:00', '2021-09-23 00:00:00'),
	(583, '630151426-2', '외국어', 'Mat Lam Tam', 'Fremont', 'Centizu', 583, 227, 'noimage.jpg', 'curae duis faucibus accumsan odio curabitur convallis duis consequat dui nec nisi', '구편절판', '2021-07-25 00:00:00', '2021-09-23 00:00:00'),
	(584, '232124401-1', '소설', 'Redhold', 'Tamarra', 'Gevee', 584, 419, 'noimage.jpg', 'egestas metus aenean fermentum donec ut mauris eget massa tempor convallis', '구편절판', '2021-05-28 00:00:00', '2021-09-23 00:00:00'),
	(585, '797566450-2', '경제', 'Ronstring', 'Bruce', 'Photospace', 585, 710, 'noimage.jpg', 'viverra dapibus nulla suscipit ligula in lacus curabitur at ipsum ac tellus', '품절', '2021-04-11 00:00:00', '2021-09-23 00:00:00'),
	(586, '506349300-9', '소설', 'Fix San', 'Jodee', 'Rhyloo', 586, 813, 'noimage.jpg', 'ligula suspendisse ornare consequat lectus in est risus auctor sed tristique in tempus sit amet sem fusce', '구편절판', '2021-02-26 00:00:00', '2021-09-23 00:00:00'),
	(587, '623043606-X', '경제', 'Cookley', 'Karie', 'Blogpad', 587, 391, 'noimage.jpg', 'tincidunt in leo maecenas pulvinar lobortis est phasellus sit amet', '구편절판', '2021-08-10 00:00:00', '2021-09-23 00:00:00'),
	(588, '979040876-5', '소설', 'Asoka', 'Sean', 'Layo', 588, 893, 'noimage.jpg', 'faucibus orci luctus et ultrices posuere cubilia curae mauris viverra diam vitae quam suspendisse potenti nullam', '절판', '2021-02-17 00:00:00', '2021-09-23 00:00:00'),
	(589, '745994260-X', '외국어', 'Cookley', 'Dione', 'Voomm', 589, 338, 'noimage.jpg', 'sed vestibulum sit amet cursus id turpis integer aliquet massa id lobortis convallis tortor risus', '절판', '2021-06-30 00:00:00', '2021-09-23 00:00:00'),
	(590, '022964604-2', '만화', 'Bitchip', 'Laurene', 'Photobean', 590, 637, 'noimage.jpg', 'vestibulum sagittis sapien cum sociis natoque penatibus et magnis dis parturient montes nascetur ridiculus mus etiam vel', '절판', '2021-03-17 00:00:00', '2021-09-23 00:00:00'),
	(591, '065595910-6', '외국어', 'Zathin', 'Malissa', 'Trilith', 591, 704, 'noimage.jpg', 'at feugiat non pretium quis lectus suspendisse potenti in eleifend quam a odio in hac habitasse platea dictumst maecenas', '절판', '2021-03-09 00:00:00', '2021-09-23 00:00:00'),
	(592, '809854407-9', '경제', 'Tampflex', 'Lorilyn', 'Latz', 592, 551, 'noimage.jpg', 'in hac habitasse platea dictumst morbi vestibulum velit id pretium iaculis diam erat fermentum justo nec', '구편절판', '2021-06-14 00:00:00', '2021-09-23 00:00:00'),
	(593, '961744419-4', '외국어', 'Aerified', 'Franz', 'Topicstorm', 593, 715, 'noimage.jpg', 'mauris morbi non lectus aliquam sit amet diam in magna bibendum imperdiet nullam orci', '품절', '2020-12-19 00:00:00', '2021-09-23 00:00:00'),
	(594, '912885134-X', '소설', 'Bitchip', 'Marlow', 'Eidel', 594, 469, 'noimage.jpg', 'ligula vehicula consequat morbi a ipsum integer a nibh in quis justo maecenas rhoncus aliquam', '구편절판', '2020-10-02 00:00:00', '2021-09-23 00:00:00'),
	(595, '889343488-1', '소설', 'Konklux', 'Tobe', 'Demivee', 595, 291, 'noimage.jpg', 'nec nisi volutpat eleifend donec ut dolor morbi vel lectus in quam fringilla rhoncus mauris', '절판', '2021-06-16 00:00:00', '2021-09-23 00:00:00'),
	(596, '065950437-5', '경제', 'Tres-Zap', 'Alika', 'Skimia', 596, 690, 'noimage.jpg', 'vitae nisi nam ultrices libero non mattis pulvinar nulla pede ullamcorper augue a suscipit nulla elit ac nulla sed', '품절', '2020-12-06 00:00:00', '2021-09-23 00:00:00'),
	(597, '107063929-X', '여행', 'Bigtax', 'Borg', 'Flashpoint', 597, 564, 'noimage.jpg', 'elementum pellentesque quisque porta volutpat erat quisque erat eros viverra eget congue', '절판', '2020-10-10 00:00:00', '2021-09-23 00:00:00'),
	(598, '458279525-0', '여행', 'Quo Lux', 'Gardy', 'Yotz', 598, 867, 'noimage.jpg', 'sit amet lobortis sapien sapien non mi integer ac neque duis bibendum morbi non', '절판', '2021-03-05 00:00:00', '2021-09-23 00:00:00'),
	(599, '525083195-8', '경제', 'Tin', 'Rosemaria', 'Thoughtbridge', 599, 618, 'noimage.jpg', 'congue risus semper porta volutpat quam pede lobortis ligula sit amet eleifend pede libero quis orci nullam molestie nibh in', '절판', '2020-10-09 00:00:00', '2021-09-23 00:00:00'),
	(600, '950578951-3', '만화', 'Keylex', 'Brittni', 'Flashset', 600, 213, 'noimage.jpg', 'leo odio condimentum id luctus nec molestie sed justo pellentesque viverra pede ac diam cras pellentesque volutpat dui maecenas', '품절', '2021-05-23 00:00:00', '2021-09-23 00:00:00'),
	(601, '377255483-0', '외국어', 'Namfix', 'Kirbie', 'Zava', 601, 159, 'noimage.jpg', 'elit proin interdum mauris non ligula pellentesque ultrices phasellus id sapien', '판매중', '2021-09-07 00:00:00', '2021-09-23 00:00:00'),
	(602, '814164182-4', '경제', 'Y-Solowarm', 'Tommi', 'Realpoint', 602, 364, 'noimage.jpg', 'in est risus auctor sed tristique in tempus sit amet sem fusce consequat nulla nisl nunc nisl duis bibendum', '판매중', '2020-11-27 00:00:00', '2021-09-23 00:00:00'),
	(603, '124510654-6', '외국어', 'Y-find', 'Basile', 'Brightdog', 603, 386, 'noimage.jpg', 'quis justo maecenas rhoncus aliquam lacus morbi quis tortor id nulla ultrices aliquet', '판매중', '2020-10-11 00:00:00', '2021-09-23 00:00:00'),
	(604, '298337880-2', '소설', 'Tresom', 'Tonnie', 'Vidoo', 604, 836, 'noimage.jpg', 'vestibulum sit amet cursus id turpis integer aliquet massa id lobortis convallis tortor risus dapibus augue vel accumsan tellus', '품절', '2021-03-26 00:00:00', '2021-09-23 00:00:00'),
	(605, '079609304-0', '소설', 'Sonsing', 'Gillie', 'Photobug', 605, 828, 'noimage.jpg', 'sed vel enim sit amet nunc viverra dapibus nulla suscipit ligula in lacus curabitur', '품절', '2021-05-06 00:00:00', '2021-09-23 00:00:00'),
	(606, '561590431-3', '소설', 'Fintone', 'Terri', 'Browsezoom', 606, 154, 'noimage.jpg', 'consequat lectus in est risus auctor sed tristique in tempus', '절판', '2021-05-19 00:00:00', '2021-09-23 00:00:00'),
	(607, '094446075-5', '소설', 'Zoolab', 'Maia', 'Vimbo', 607, 684, 'noimage.jpg', 'potenti cras in purus eu magna vulputate luctus cum sociis natoque penatibus et magnis dis parturient', '판매중', '2021-09-11 00:00:00', '2021-09-23 00:00:00'),
	(608, '846489239-X', '만화', 'Gembucket', 'Caty', 'Rooxo', 608, 914, 'noimage.jpg', 'interdum mauris non ligula pellentesque ultrices phasellus id sapien in sapien iaculis congue vivamus metus arcu adipiscing molestie hendrerit at', '구편절판', '2021-08-26 00:00:00', '2021-09-23 00:00:00'),
	(609, '468205095-8', '경제', 'Sonair', 'Alisha', 'Katz', 609, 478, 'noimage.jpg', 'nulla sed vel enim sit amet nunc viverra dapibus nulla suscipit ligula in lacus curabitur at ipsum', '절판', '2020-10-26 00:00:00', '2021-09-23 00:00:00'),
	(610, '027074051-1', '여행', 'Temp', 'Marlene', 'Dynazzy', 610, 673, 'noimage.jpg', 'sit amet cursus id turpis integer aliquet massa id lobortis convallis tortor risus dapibus augue vel', '판매중', '2021-05-16 00:00:00', '2021-09-23 00:00:00'),
	(611, '422436053-5', '외국어', 'Asoka', 'Skippy', 'Browsedrive', 611, 260, 'noimage.jpg', 'aliquam erat volutpat in congue etiam justo etiam pretium iaculis justo in hac habitasse platea dictumst etiam faucibus cursus urna', '품절', '2020-10-16 00:00:00', '2021-09-23 00:00:00'),
	(612, '815167801-1', '외국어', 'Ronstring', 'Shelagh', 'Edgewire', 612, 622, 'noimage.jpg', 'molestie lorem quisque ut erat curabitur gravida nisi at nibh in hac habitasse platea dictumst aliquam augue quam sollicitudin', '품절', '2021-02-19 00:00:00', '2021-09-23 00:00:00'),
	(613, '398257496-X', '경제', 'Zaam-Dox', 'Giraldo', 'Feedbug', 613, 711, 'noimage.jpg', 'rutrum nulla nunc purus phasellus in felis donec semper sapien a libero', '품절', '2020-10-07 00:00:00', '2021-09-23 00:00:00'),
	(614, '881535886-2', '소설', 'Regrant', 'Derry', 'Jabbercube', 614, 529, 'noimage.jpg', 'viverra pede ac diam cras pellentesque volutpat dui maecenas tristique est et tempus semper est quam pharetra magna', '구편절판', '2021-01-07 00:00:00', '2021-09-23 00:00:00'),
	(615, '296879846-4', '여행', 'Stronghold', 'Neale', 'Blogtags', 615, 331, 'noimage.jpg', 'luctus tincidunt nulla mollis molestie lorem quisque ut erat curabitur gravida nisi at nibh in hac habitasse platea dictumst', '품절', '2020-10-16 00:00:00', '2021-09-23 00:00:00'),
	(616, '232878456-9', '경제', 'Cardguard', 'Rodina', 'Pixoboo', 616, 513, 'noimage.jpg', 'vitae mattis nibh ligula nec sem duis aliquam convallis nunc proin at turpis a pede posuere', '절판', '2021-02-05 00:00:00', '2021-09-23 00:00:00'),
	(617, '857989988-5', '소설', 'Lotstring', 'Lorita', 'Shufflebeat', 617, 833, 'noimage.jpg', 'elementum pellentesque quisque porta volutpat erat quisque erat eros viverra eget congue eget', '구편절판', '2021-02-13 00:00:00', '2021-09-23 00:00:00'),
	(618, '326543667-5', '만화', 'Sonsing', 'Smitty', 'Babblestorm', 618, 392, 'noimage.jpg', 'nunc purus phasellus in felis donec semper sapien a libero nam dui proin leo odio porttitor id', '절판', '2021-08-01 00:00:00', '2021-09-23 00:00:00'),
	(619, '985111556-8', '소설', 'Regrant', 'Shanta', 'Mita', 619, 692, 'noimage.jpg', 'risus auctor sed tristique in tempus sit amet sem fusce consequat nulla nisl nunc', '품절', '2021-07-22 00:00:00', '2021-09-23 00:00:00'),
	(620, '272854562-6', '외국어', 'Alphazap', 'Horten', 'Browsedrive', 620, 256, 'noimage.jpg', 'nulla tellus in sagittis dui vel nisl duis ac nibh fusce lacus purus aliquet at feugiat non pretium', '판매중', '2021-02-13 00:00:00', '2021-09-23 00:00:00'),
	(621, '772110158-1', '여행', 'Stronghold', 'Joete', 'Skippad', 621, 913, 'noimage.jpg', 'morbi quis tortor id nulla ultrices aliquet maecenas leo odio condimentum id luctus', '품절', '2021-05-30 00:00:00', '2021-09-23 00:00:00'),
	(622, '869494429-4', '여행', 'Voltsillam', 'Leslie', 'Jaxnation', 622, 813, 'noimage.jpg', 'ante ipsum primis in faucibus orci luctus et ultrices posuere', '구편절판', '2021-06-15 00:00:00', '2021-09-23 00:00:00'),
	(623, '722257903-6', '경제', 'Fix San', 'Evelyn', 'Eimbee', 623, 351, 'noimage.jpg', 'nisi nam ultrices libero non mattis pulvinar nulla pede ullamcorper', '판매중', '2021-07-05 00:00:00', '2021-09-23 00:00:00'),
	(624, '907708566-1', '만화', 'Fix San', 'Joana', 'Wikizz', 624, 894, 'noimage.jpg', 'amet diam in magna bibendum imperdiet nullam orci pede venenatis non sodales sed tincidunt eu felis fusce posuere felis sed', '판매중', '2021-02-26 00:00:00', '2021-09-23 00:00:00'),
	(625, '427466762-6', '외국어', 'Prodder', 'Dusty', 'Skipstorm', 625, 212, 'noimage.jpg', 'quisque erat eros viverra eget congue eget semper rutrum nulla nunc purus phasellus in felis donec semper sapien a', '품절', '2021-02-15 00:00:00', '2021-09-23 00:00:00'),
	(626, '713067211-0', '외국어', 'Cardify', 'Myrle', 'Flashdog', 626, 693, 'noimage.jpg', 'at ipsum ac tellus semper interdum mauris ullamcorper purus sit amet nulla quisque arcu libero rutrum ac lobortis vel', '판매중', '2021-05-02 00:00:00', '2021-09-23 00:00:00'),
	(627, '830706136-9', '외국어', 'Cardguard', 'Gordy', 'Yata', 627, 730, 'noimage.jpg', 'donec ut mauris eget massa tempor convallis nulla neque libero convallis eget', '품절', '2020-10-07 00:00:00', '2021-09-23 00:00:00'),
	(628, '184447292-2', '경제', 'Asoka', 'Stephenie', 'Skynoodle', 628, 306, 'noimage.jpg', 'odio consequat varius integer ac leo pellentesque ultrices mattis odio', '품절', '2020-12-28 00:00:00', '2021-09-23 00:00:00'),
	(629, '010343463-1', '만화', 'Zathin', 'Roma', 'Jaxworks', 629, 667, 'noimage.jpg', 'molestie hendrerit at vulputate vitae nisl aenean lectus pellentesque eget nunc donec quis orci eget orci vehicula condimentum', '판매중', '2021-06-02 00:00:00', '2021-09-23 00:00:00'),
	(630, '486055544-9', '외국어', 'Pannier', 'Elias', 'Mycat', 630, 109, 'noimage.jpg', 'at velit eu est congue elementum in hac habitasse platea dictumst morbi vestibulum velit id', '구편절판', '2021-03-19 00:00:00', '2021-09-23 00:00:00'),
	(631, '008685557-3', '경제', 'Domainer', 'Astrix', 'Voonder', 631, 151, 'noimage.jpg', 'leo pellentesque ultrices mattis odio donec vitae nisi nam ultrices libero non mattis pulvinar nulla pede ullamcorper augue a suscipit', '판매중', '2021-06-19 00:00:00', '2021-09-23 00:00:00'),
	(632, '968633333-9', '외국어', 'Latlux', 'Olympie', 'Fivebridge', 632, 444, 'noimage.jpg', 'id luctus nec molestie sed justo pellentesque viverra pede ac diam cras pellentesque volutpat dui maecenas tristique est', '구편절판', '2020-11-16 00:00:00', '2021-09-23 00:00:00'),
	(633, '384091439-6', '여행', 'Ventosanzap', 'Bonni', 'Babblestorm', 633, 879, 'noimage.jpg', 'consectetuer eget rutrum at lorem integer tincidunt ante vel ipsum praesent blandit lacinia erat vestibulum sed magna', '절판', '2021-08-09 00:00:00', '2021-09-23 00:00:00'),
	(634, '189606410-8', '경제', 'Cardify', 'Cordelia', 'Yambee', 634, 288, 'noimage.jpg', 'pharetra magna ac consequat metus sapien ut nunc vestibulum ante ipsum primis in', '품절', '2021-01-07 00:00:00', '2021-09-23 00:00:00'),
	(635, '070805764-0', '여행', 'Viva', 'Hardy', 'Jamia', 635, 451, 'noimage.jpg', 'ligula pellentesque ultrices phasellus id sapien in sapien iaculis congue vivamus metus arcu adipiscing molestie', '품절', '2020-11-09 00:00:00', '2021-09-23 00:00:00'),
	(636, '262903052-0', '만화', 'Stronghold', 'Lorette', 'Linkbuzz', 636, 748, 'noimage.jpg', 'vel nulla eget eros elementum pellentesque quisque porta volutpat erat quisque erat eros viverra eget congue eget semper rutrum nulla', '품절', '2021-01-21 00:00:00', '2021-09-23 00:00:00'),
	(637, '701965794-X', '경제', 'Cookley', 'Culley', 'Wordtune', 637, 389, 'noimage.jpg', 'in libero ut massa volutpat convallis morbi odio odio elementum eu interdum eu tincidunt in leo', '판매중', '2020-11-23 00:00:00', '2021-09-23 00:00:00'),
	(638, '279492069-3', '소설', 'Tres-Zap', 'Tamarra', 'Vipe', 638, 489, 'noimage.jpg', 'blandit mi in porttitor pede justo eu massa donec dapibus duis', '판매중', '2021-03-03 00:00:00', '2021-09-23 00:00:00'),
	(639, '423561683-8', '경제', 'Namfix', 'Fredi', 'Riffpath', 639, 395, 'noimage.jpg', 'sit amet eleifend pede libero quis orci nullam molestie nibh in lectus', '품절', '2021-02-16 00:00:00', '2021-09-23 00:00:00'),
	(640, '406829771-1', '만화', 'Bytecard', 'Cointon', 'Agimba', 640, 742, 'noimage.jpg', 'sed tincidunt eu felis fusce posuere felis sed lacus morbi', '절판', '2020-11-10 00:00:00', '2021-09-23 00:00:00'),
	(641, '569105112-1', '만화', 'Regrant', 'Pepi', 'Tazzy', 641, 586, 'noimage.jpg', 'ultrices enim lorem ipsum dolor sit amet consectetuer adipiscing elit proin interdum mauris non ligula pellentesque ultrices phasellus', '절판', '2021-01-17 00:00:00', '2021-09-23 00:00:00'),
	(642, '744542573-X', '외국어', 'Veribet', 'George', 'Twitterlist', 642, 717, 'noimage.jpg', 'nec sem duis aliquam convallis nunc proin at turpis a pede posuere nonummy', '판매중', '2021-03-27 00:00:00', '2021-09-23 00:00:00'),
	(643, '561604059-2', '경제', 'Zoolab', 'Luce', 'Rhycero', 643, 886, 'noimage.jpg', 'nullam molestie nibh in lectus pellentesque at nulla suspendisse potenti cras in purus eu magna', '품절', '2021-06-20 00:00:00', '2021-09-23 00:00:00'),
	(644, '722442518-4', '여행', 'Zontrax', 'Daniella', 'Twitternation', 644, 923, 'noimage.jpg', 'at vulputate vitae nisl aenean lectus pellentesque eget nunc donec quis orci eget orci vehicula condimentum curabitur in libero', '품절', '2021-07-13 00:00:00', '2021-09-23 00:00:00'),
	(645, '793632487-9', '경제', 'Aerified', 'Hetty', 'Trudeo', 645, 391, 'noimage.jpg', 'proin risus praesent lectus vestibulum quam sapien varius ut blandit', '판매중', '2020-11-20 00:00:00', '2021-09-23 00:00:00'),
	(646, '248138039-8', '경제', 'Daltfresh', 'Garry', 'Devcast', 646, 528, 'noimage.jpg', 'sed augue aliquam erat volutpat in congue etiam justo etiam pretium iaculis justo in', '판매중', '2021-06-17 00:00:00', '2021-09-23 00:00:00'),
	(647, '742182632-7', '여행', 'Stringtough', 'Gipsy', 'Skaboo', 647, 740, 'noimage.jpg', 'justo sollicitudin ut suscipit a feugiat et eros vestibulum ac est', '구편절판', '2020-12-24 00:00:00', '2021-09-23 00:00:00'),
	(648, '225411355-0', '경제', 'Bigtax', 'Abdul', 'Topicstorm', 648, 179, 'noimage.jpg', 'bibendum morbi non quam nec dui luctus rutrum nulla tellus', '절판', '2021-06-29 00:00:00', '2021-09-23 00:00:00'),
	(649, '741673608-0', '경제', 'Voltsillam', 'Zorine', 'Zooxo', 649, 498, 'noimage.jpg', 'maecenas leo odio condimentum id luctus nec molestie sed justo pellentesque viverra pede', '품절', '2020-12-01 00:00:00', '2021-09-23 00:00:00'),
	(650, '750508014-8', '만화', 'Otcom', 'Darlleen', 'Oba', 650, 666, 'noimage.jpg', 'potenti cras in purus eu magna vulputate luctus cum sociis', '판매중', '2020-12-14 00:00:00', '2021-09-23 00:00:00'),
	(651, '265100494-4', '만화', 'Voyatouch', 'Saunder', 'Voonte', 651, 180, 'noimage.jpg', 'aliquam non mauris morbi non lectus aliquam sit amet diam in magna', '구편절판', '2021-02-15 00:00:00', '2021-09-23 00:00:00'),
	(652, '960650165-5', '여행', 'Gembucket', 'Elysha', 'Blogpad', 652, 228, 'noimage.jpg', 'sed interdum venenatis turpis enim blandit mi in porttitor pede justo eu massa donec dapibus duis at', '절판', '2021-07-05 00:00:00', '2021-09-23 00:00:00'),
	(653, '663231261-6', '경제', 'Stim', 'Elnora', 'Babblestorm', 653, 153, 'noimage.jpg', 'id ornare imperdiet sapien urna pretium nisl ut volutpat sapien arcu sed augue aliquam erat volutpat in congue', '품절', '2020-10-10 00:00:00', '2021-09-23 00:00:00'),
	(654, '413181139-1', '경제', 'Namfix', 'Sebastian', 'Pixope', 654, 700, 'noimage.jpg', 'pellentesque ultrices phasellus id sapien in sapien iaculis congue vivamus metus arcu adipiscing molestie hendrerit', '구편절판', '2020-11-11 00:00:00', '2021-09-23 00:00:00'),
	(655, '911351854-2', '여행', 'Temp', 'Roxi', 'Blognation', 655, 250, 'noimage.jpg', 'sapien ut nunc vestibulum ante ipsum primis in faucibus orci luctus et ultrices posuere cubilia curae mauris viverra diam vitae', '품절', '2021-05-06 00:00:00', '2021-09-23 00:00:00'),
	(656, '590440139-6', '소설', 'Pannier', 'Tandy', 'Skinte', 656, 986, 'noimage.jpg', 'dapibus duis at velit eu est congue elementum in hac habitasse platea dictumst morbi vestibulum velit id pretium iaculis diam', '구편절판', '2021-02-04 00:00:00', '2021-09-23 00:00:00'),
	(657, '828310958-8', '만화', 'Rank', 'Murry', 'Brightdog', 657, 560, 'noimage.jpg', 'semper rutrum nulla nunc purus phasellus in felis donec semper sapien a', '품절', '2020-10-11 00:00:00', '2021-09-23 00:00:00'),
	(658, '406406663-4', '여행', 'Konklab', 'Karol', 'Talane', 658, 435, 'noimage.jpg', 'nulla elit ac nulla sed vel enim sit amet nunc viverra dapibus nulla suscipit', '구편절판', '2021-05-23 00:00:00', '2021-09-23 00:00:00'),
	(659, '689654520-8', '외국어', 'Holdlamis', 'Sande', 'Babblestorm', 659, 787, 'noimage.jpg', 'quam sollicitudin vitae consectetuer eget rutrum at lorem integer tincidunt ante vel ipsum praesent blandit', '품절', '2021-01-27 00:00:00', '2021-09-23 00:00:00'),
	(660, '862525299-0', '외국어', 'Bitchip', 'Emiline', 'Photobug', 660, 422, 'noimage.jpg', 'erat eros viverra eget congue eget semper rutrum nulla nunc purus phasellus in felis donec semper sapien a libero nam', '판매중', '2021-01-15 00:00:00', '2021-09-23 00:00:00'),
	(661, '163486553-7', '경제', 'Aerified', 'Hadlee', 'Thoughtbeat', 661, 648, 'noimage.jpg', 'mi integer ac neque duis bibendum morbi non quam nec dui luctus', '품절', '2021-08-24 00:00:00', '2021-09-23 00:00:00'),
	(662, '214019828-X', '만화', 'Latlux', 'Mattie', 'Eidel', 662, 530, 'noimage.jpg', 'orci luctus et ultrices posuere cubilia curae duis faucibus accumsan odio curabitur convallis duis consequat dui', '판매중', '2020-12-06 00:00:00', '2021-09-23 00:00:00'),
	(663, '307431297-1', '여행', 'Namfix', 'Maitilde', 'Edgetag', 663, 838, 'noimage.jpg', 'a nibh in quis justo maecenas rhoncus aliquam lacus morbi quis tortor id nulla', '품절', '2021-03-18 00:00:00', '2021-09-23 00:00:00'),
	(664, '230050828-1', '만화', 'Konklux', 'Mordy', 'Gabtype', 664, 709, 'noimage.jpg', 'eu interdum eu tincidunt in leo maecenas pulvinar lobortis est phasellus sit amet erat nulla tempus vivamus in', '구편절판', '2020-10-01 00:00:00', '2021-09-23 00:00:00'),
	(665, '598655742-5', '여행', 'Tres-Zap', 'Thomas', 'Dynabox', 665, 706, 'noimage.jpg', 'curabitur in libero ut massa volutpat convallis morbi odio odio elementum eu interdum eu tincidunt in', '판매중', '2021-05-15 00:00:00', '2021-09-23 00:00:00'),
	(666, '413570144-2', '외국어', 'Home Ing', 'Munroe', 'Edgetag', 666, 791, 'noimage.jpg', 'vulputate luctus cum sociis natoque penatibus et magnis dis parturient montes nascetur ridiculus mus vivamus', '절판', '2021-04-03 00:00:00', '2021-09-23 00:00:00'),
	(667, '149978229-2', '여행', 'Tempsoft', 'Rebekkah', 'Gevee', 667, 258, 'noimage.jpg', 'turpis enim blandit mi in porttitor pede justo eu massa donec dapibus duis at velit eu est congue elementum in', '판매중', '2021-06-05 00:00:00', '2021-09-23 00:00:00'),
	(668, '289689531-0', '여행', 'Subin', 'Rod', 'Vimbo', 668, 420, 'noimage.jpg', 'tincidunt nulla mollis molestie lorem quisque ut erat curabitur gravida nisi at nibh in hac habitasse platea', '구편절판', '2020-10-15 00:00:00', '2021-09-23 00:00:00'),
	(669, '964727019-4', '외국어', 'Bitwolf', 'Lance', 'Tagopia', 669, 991, 'noimage.jpg', 'vivamus in felis eu sapien cursus vestibulum proin eu mi nulla ac enim in tempor turpis', '절판', '2021-03-08 00:00:00', '2021-09-23 00:00:00'),
	(670, '902166532-8', '만화', 'Vagram', 'Gerri', 'Plambee', 670, 895, 'noimage.jpg', 'libero ut massa volutpat convallis morbi odio odio elementum eu interdum eu tincidunt in leo maecenas', '품절', '2021-05-22 00:00:00', '2021-09-23 00:00:00'),
	(671, '467227912-X', '여행', 'Bitchip', 'Deloria', 'Abata', 671, 291, 'noimage.jpg', 'nullam sit amet turpis elementum ligula vehicula consequat morbi a ipsum integer a nibh in quis justo maecenas', '절판', '2020-10-06 00:00:00', '2021-09-23 00:00:00'),
	(672, '897076397-X', '만화', 'Treeflex', 'Horatio', 'Kwimbee', 672, 827, 'noimage.jpg', 'sagittis sapien cum sociis natoque penatibus et magnis dis parturient montes nascetur ridiculus mus etiam', '판매중', '2021-09-17 00:00:00', '2021-09-23 00:00:00'),
	(673, '275591423-8', '소설', 'Flowdesk', 'Penrod', 'Fliptune', 673, 815, 'noimage.jpg', 'sem sed sagittis nam congue risus semper porta volutpat quam pede lobortis ligula sit', '절판', '2021-02-04 00:00:00', '2021-09-23 00:00:00'),
	(674, '617418173-1', '경제', 'Stringtough', 'Clywd', 'Zazio', 674, 721, 'noimage.jpg', 'nibh quisque id justo sit amet sapien dignissim vestibulum vestibulum ante ipsum primis in faucibus orci luctus et', '품절', '2021-07-03 00:00:00', '2021-09-23 00:00:00'),
	(675, '427764254-3', '외국어', 'Temp', 'Rafael', 'Jayo', 675, 783, 'noimage.jpg', 'aliquam erat volutpat in congue etiam justo etiam pretium iaculis justo', '절판', '2021-05-14 00:00:00', '2021-09-23 00:00:00'),
	(676, '087626054-7', '만화', 'Overhold', 'Timmi', 'Tazzy', 676, 340, 'noimage.jpg', 'primis in faucibus orci luctus et ultrices posuere cubilia curae donec', '절판', '2021-03-09 00:00:00', '2021-09-23 00:00:00'),
	(677, '970039985-0', '소설', 'Greenlam', 'Constantino', 'Livepath', 677, 471, 'noimage.jpg', 'porta volutpat erat quisque erat eros viverra eget congue eget semper rutrum nulla nunc purus phasellus in felis donec semper', '품절', '2021-02-19 00:00:00', '2021-09-23 00:00:00'),
	(678, '314421960-6', '여행', 'Pannier', 'Leora', 'Leexo', 678, 262, 'noimage.jpg', 'phasellus in felis donec semper sapien a libero nam dui', '절판', '2021-03-20 00:00:00', '2021-09-23 00:00:00'),
	(679, '590468494-0', '외국어', 'Alpha', 'Sander', 'Skinte', 679, 696, 'noimage.jpg', 'nulla quisque arcu libero rutrum ac lobortis vel dapibus at diam nam tristique tortor eu pede', '품절', '2020-10-28 00:00:00', '2021-09-23 00:00:00'),
	(680, '351838376-0', '여행', 'Sonair', 'Andie', 'Tagpad', 680, 246, 'noimage.jpg', 'nulla ac enim in tempor turpis nec euismod scelerisque quam turpis adipiscing lorem vitae', '품절', '2021-02-09 00:00:00', '2021-09-23 00:00:00'),
	(681, '704961902-7', '경제', 'Flexidy', 'Bili', 'Wikizz', 681, 390, 'noimage.jpg', 'primis in faucibus orci luctus et ultrices posuere cubilia curae nulla dapibus dolor vel est donec odio justo sollicitudin ut', '품절', '2021-02-27 00:00:00', '2021-09-23 00:00:00'),
	(682, '802486908-X', '외국어', 'Zontrax', 'Kellina', 'Zooxo', 682, 678, 'noimage.jpg', 'turpis sed ante vivamus tortor duis mattis egestas metus aenean fermentum donec ut mauris eget massa tempor', '절판', '2021-01-06 00:00:00', '2021-09-23 00:00:00'),
	(683, '442309040-6', '소설', 'Flexidy', 'Shelia', 'Youspan', 683, 487, 'noimage.jpg', 'lectus in est risus auctor sed tristique in tempus sit amet sem fusce consequat nulla nisl', '절판', '2020-11-27 00:00:00', '2021-09-23 00:00:00'),
	(684, '285213730-5', '여행', 'Namfix', 'Trista', 'Cogilith', 684, 330, 'noimage.jpg', 'dictumst etiam faucibus cursus urna ut tellus nulla ut erat id mauris', '품절', '2021-01-24 00:00:00', '2021-09-23 00:00:00'),
	(685, '274594997-7', '만화', 'Lotstring', 'Dorrie', 'Eabox', 685, 865, 'noimage.jpg', 'aliquet pulvinar sed nisl nunc rhoncus dui vel sem sed sagittis nam congue', '절판', '2021-05-07 00:00:00', '2021-09-23 00:00:00'),
	(686, '694332459-4', '만화', 'Cardguard', 'Andros', 'Meejo', 686, 163, 'noimage.jpg', 'ac est lacinia nisi venenatis tristique fusce congue diam id ornare imperdiet sapien urna pretium', '품절', '2021-06-07 00:00:00', '2021-09-23 00:00:00'),
	(687, '755890247-9', '경제', 'Cookley', 'Trixy', 'Tazz', 687, 832, 'noimage.jpg', 'id sapien in sapien iaculis congue vivamus metus arcu adipiscing molestie hendrerit at vulputate vitae nisl aenean lectus', '판매중', '2020-09-24 00:00:00', '2021-09-23 00:00:00'),
	(688, '463543806-6', '만화', 'Lotlux', 'Mark', 'Voonte', 688, 619, 'noimage.jpg', 'faucibus orci luctus et ultrices posuere cubilia curae duis faucibus accumsan odio curabitur convallis duis consequat dui', '절판', '2021-02-01 00:00:00', '2021-09-23 00:00:00'),
	(689, '084046085-6', '만화', 'Bytecard', 'Ernaline', 'Katz', 689, 662, 'noimage.jpg', 'ipsum primis in faucibus orci luctus et ultrices posuere cubilia curae mauris viverra diam vitae', '판매중', '2021-03-23 00:00:00', '2021-09-23 00:00:00'),
	(690, '969740227-2', '만화', 'Solarbreeze', 'Dwight', 'Quatz', 690, 677, 'noimage.jpg', 'gravida sem praesent id massa id nisl venenatis lacinia aenean sit amet justo morbi ut odio cras mi', '구편절판', '2021-02-11 00:00:00', '2021-09-23 00:00:00'),
	(691, '348067255-8', '여행', 'Opela', 'Raimondo', 'Ntag', 691, 270, 'noimage.jpg', 'purus aliquet at feugiat non pretium quis lectus suspendisse potenti in eleifend quam a odio', '품절', '2021-05-12 00:00:00', '2021-09-23 00:00:00'),
	(692, '799565594-0', '여행', 'Stronghold', 'Shepherd', 'Rooxo', 692, 534, 'noimage.jpg', 'sit amet consectetuer adipiscing elit proin interdum mauris non ligula pellentesque', '품절', '2021-06-06 00:00:00', '2021-09-23 00:00:00'),
	(693, '304299596-8', '경제', 'Sonair', 'Kincaid', 'Fiveclub', 693, 170, 'noimage.jpg', 'ut suscipit a feugiat et eros vestibulum ac est lacinia nisi venenatis tristique', '구편절판', '2021-01-21 00:00:00', '2021-09-23 00:00:00'),
	(694, '154591999-2', '경제', 'Hatity', 'Chrotoem', 'Yacero', 694, 618, 'noimage.jpg', 'integer pede justo lacinia eget tincidunt eget tempus vel pede morbi porttitor lorem id ligula suspendisse ornare', '구편절판', '2021-07-26 00:00:00', '2021-09-23 00:00:00'),
	(695, '691013649-7', '여행', 'Alpha', 'Northrop', 'Quinu', 695, 314, 'noimage.jpg', 'metus vitae ipsum aliquam non mauris morbi non lectus aliquam sit amet diam in', '구편절판', '2020-11-27 00:00:00', '2021-09-23 00:00:00'),
	(696, '008408476-6', '여행', 'Bitwolf', 'Rasla', 'Avamba', 696, 551, 'noimage.jpg', 'vestibulum aliquet ultrices erat tortor sollicitudin mi sit amet lobortis sapien sapien non', '품절', '2021-02-19 00:00:00', '2021-09-23 00:00:00'),
	(697, '859430030-1', '외국어', 'Temp', 'Gael', 'Divape', 697, 307, 'noimage.jpg', 'nulla sed accumsan felis ut at dolor quis odio consequat varius integer ac leo pellentesque ultrices mattis odio donec vitae', '절판', '2021-04-25 00:00:00', '2021-09-23 00:00:00'),
	(698, '401894721-6', '경제', 'Tresom', 'Chastity', 'Jazzy', 698, 631, 'noimage.jpg', 'imperdiet et commodo vulputate justo in blandit ultrices enim lorem ipsum dolor sit amet consectetuer adipiscing', '판매중', '2021-02-04 00:00:00', '2021-09-23 00:00:00'),
	(699, '077236302-1', '소설', 'Keylex', 'Rees', 'Eire', 699, 125, 'noimage.jpg', 'lacus curabitur at ipsum ac tellus semper interdum mauris ullamcorper purus sit amet nulla quisque arcu', '구편절판', '2020-11-08 00:00:00', '2021-09-23 00:00:00'),
	(700, '001637638-2', '만화', 'Daltfresh', 'Ranice', 'Geba', 700, 302, 'noimage.jpg', 'pede justo lacinia eget tincidunt eget tempus vel pede morbi porttitor', '구편절판', '2021-02-26 00:00:00', '2021-09-23 00:00:00'),
	(701, '386349180-7', '여행', 'Y-Solowarm', 'Nadiya', 'Yambee', 701, 569, 'noimage.jpg', 'aliquet massa id lobortis convallis tortor risus dapibus augue vel accumsan tellus nisi eu orci mauris lacinia sapien quis', '판매중', '2021-07-04 00:00:00', '2021-09-23 00:00:00'),
	(702, '083119398-0', '만화', 'Veribet', 'Tomasine', 'Divape', 702, 505, 'noimage.jpg', 'nibh in quis justo maecenas rhoncus aliquam lacus morbi quis tortor id nulla ultrices aliquet', '판매중', '2020-10-03 00:00:00', '2021-09-23 00:00:00'),
	(703, '658151837-9', '만화', 'Redhold', 'Jone', 'Zoombeat', 703, 981, 'noimage.jpg', 'dolor sit amet consectetuer adipiscing elit proin risus praesent lectus vestibulum quam sapien varius ut blandit non interdum', '품절', '2021-03-23 00:00:00', '2021-09-23 00:00:00'),
	(704, '410328066-2', '경제', 'Voyatouch', 'Andra', 'Devshare', 704, 822, 'noimage.jpg', 'metus arcu adipiscing molestie hendrerit at vulputate vitae nisl aenean lectus', '구편절판', '2021-07-31 00:00:00', '2021-09-23 00:00:00'),
	(705, '492685224-1', '경제', 'Lotstring', 'Susan', 'Yotz', 705, 662, 'noimage.jpg', 'arcu sed augue aliquam erat volutpat in congue etiam justo', '구편절판', '2021-04-23 00:00:00', '2021-09-23 00:00:00'),
	(706, '003327006-6', '여행', 'Trippledex', 'Finn', 'Kare', 706, 893, 'noimage.jpg', 'a suscipit nulla elit ac nulla sed vel enim sit amet nunc viverra dapibus', '판매중', '2020-10-09 00:00:00', '2021-09-23 00:00:00'),
	(707, '300873848-6', '만화', 'Span', 'Aggy', 'Shufflebeat', 707, 322, 'noimage.jpg', 'orci luctus et ultrices posuere cubilia curae duis faucibus accumsan odio curabitur convallis duis consequat dui nec', '절판', '2021-04-14 00:00:00', '2021-09-23 00:00:00'),
	(708, '571914239-8', '만화', 'Mat Lam Tam', 'Hatti', 'Eidel', 708, 845, 'noimage.jpg', 'mi integer ac neque duis bibendum morbi non quam nec dui luctus rutrum nulla tellus in sagittis', '품절', '2021-02-17 00:00:00', '2021-09-23 00:00:00'),
	(709, '608978246-7', '여행', 'Rank', 'Ysabel', 'Wordware', 709, 609, 'noimage.jpg', 'velit eu est congue elementum in hac habitasse platea dictumst morbi vestibulum velit id pretium iaculis', '판매중', '2021-04-14 00:00:00', '2021-09-23 00:00:00'),
	(710, '737932991-X', '경제', 'Zathin', 'Feodora', 'Brainbox', 710, 110, 'noimage.jpg', 'quis turpis eget elit sodales scelerisque mauris sit amet eros suspendisse accumsan tortor quis turpis sed ante vivamus tortor', '절판', '2020-12-03 00:00:00', '2021-09-23 00:00:00'),
	(711, '592969880-5', '소설', 'Holdlamis', 'Lothaire', 'Lazz', 711, 613, 'noimage.jpg', 'in quam fringilla rhoncus mauris enim leo rhoncus sed vestibulum sit amet cursus id turpis integer aliquet massa id', '구편절판', '2021-02-24 00:00:00', '2021-09-23 00:00:00'),
	(712, '813296425-X', '소설', 'Kanlam', 'George', 'Yombu', 712, 926, 'noimage.jpg', 'augue luctus tincidunt nulla mollis molestie lorem quisque ut erat curabitur gravida nisi', '절판', '2020-09-29 00:00:00', '2021-09-23 00:00:00'),
	(713, '435234445-1', '여행', 'Greenlam', 'Carmel', 'Kayveo', 713, 475, 'noimage.jpg', 'duis aliquam convallis nunc proin at turpis a pede posuere nonummy integer non velit donec diam neque', '품절', '2021-03-06 00:00:00', '2021-09-23 00:00:00'),
	(714, '674087921-4', '여행', 'Daltfresh', 'Delly', 'Jetpulse', 714, 881, 'noimage.jpg', 'vulputate elementum nullam varius nulla facilisi cras non velit nec nisi vulputate nonummy maecenas', '판매중', '2021-01-13 00:00:00', '2021-09-23 00:00:00'),
	(715, '626263257-3', '외국어', 'Pannier', 'Woodman', 'Mycat', 715, 981, 'noimage.jpg', 'accumsan tellus nisi eu orci mauris lacinia sapien quis libero', '절판', '2021-09-01 00:00:00', '2021-09-23 00:00:00'),
	(716, '717857182-9', '만화', 'Bitchip', 'Janey', 'Roodel', 716, 185, 'noimage.jpg', 'sollicitudin ut suscipit a feugiat et eros vestibulum ac est lacinia nisi venenatis tristique fusce congue diam id ornare imperdiet', '품절', '2021-09-03 00:00:00', '2021-09-23 00:00:00'),
	(717, '742898993-0', '외국어', 'Fix San', 'Karlotta', 'Avamba', 717, 944, 'noimage.jpg', 'nulla eget eros elementum pellentesque quisque porta volutpat erat quisque erat eros viverra eget congue eget semper rutrum nulla nunc', '품절', '2020-10-15 00:00:00', '2021-09-23 00:00:00'),
	(718, '228948208-0', '만화', 'Stronghold', 'Tobie', 'Bubblebox', 718, 401, 'noimage.jpg', 'luctus et ultrices posuere cubilia curae mauris viverra diam vitae quam', '절판', '2021-01-30 00:00:00', '2021-09-23 00:00:00'),
	(719, '568336721-2', '만화', 'Voyatouch', 'Milt', 'Voolia', 719, 943, 'noimage.jpg', 'curae donec pharetra magna vestibulum aliquet ultrices erat tortor sollicitudin mi sit amet lobortis sapien sapien non mi integer ac', '판매중', '2021-02-15 00:00:00', '2021-09-23 00:00:00'),
	(720, '799343724-5', '외국어', 'Sonsing', 'Raimondo', 'Buzzdog', 720, 140, 'noimage.jpg', 'sit amet turpis elementum ligula vehicula consequat morbi a ipsum integer a nibh in', '판매중', '2020-12-11 00:00:00', '2021-09-23 00:00:00'),
	(721, '272817736-8', '여행', 'Stringtough', 'Candida', 'Yadel', 721, 971, 'noimage.jpg', 'pede malesuada in imperdiet et commodo vulputate justo in blandit ultrices enim lorem ipsum', '절판', '2021-06-18 00:00:00', '2021-09-23 00:00:00'),
	(722, '142393741-4', '만화', 'Bytecard', 'Stephanus', 'Oozz', 722, 259, 'noimage.jpg', 'integer ac neque duis bibendum morbi non quam nec dui luctus rutrum nulla tellus in sagittis', '구편절판', '2020-12-23 00:00:00', '2021-09-23 00:00:00'),
	(723, '642631187-1', '여행', 'Zamit', 'Jodi', 'Rhyloo', 723, 468, 'noimage.jpg', 'non mauris morbi non lectus aliquam sit amet diam in magna bibendum imperdiet nullam orci pede venenatis non', '절판', '2020-12-05 00:00:00', '2021-09-23 00:00:00'),
	(724, '243746513-8', '만화', 'Andalax', 'Rivi', 'Tazz', 724, 346, 'noimage.jpg', 'luctus ultricies eu nibh quisque id justo sit amet sapien dignissim vestibulum', '판매중', '2021-01-13 00:00:00', '2021-09-23 00:00:00'),
	(725, '789927597-0', '만화', 'Voyatouch', 'Edgar', 'Jayo', 725, 296, 'noimage.jpg', 'semper interdum mauris ullamcorper purus sit amet nulla quisque arcu', '구편절판', '2021-06-20 00:00:00', '2021-09-23 00:00:00'),
	(726, '945288986-1', '소설', 'Bitchip', 'Everard', 'Kaymbo', 726, 365, 'noimage.jpg', 'diam erat fermentum justo nec condimentum neque sapien placerat ante', '구편절판', '2021-09-07 00:00:00', '2021-09-23 00:00:00'),
	(727, '398873642-2', '만화', 'Transcof', 'Babette', 'Meembee', 727, 630, 'noimage.jpg', 'felis sed interdum venenatis turpis enim blandit mi in porttitor pede justo eu massa donec dapibus duis at velit eu', '품절', '2021-03-29 00:00:00', '2021-09-23 00:00:00'),
	(728, '590194468-2', '소설', 'Matsoft', 'Lilla', 'Zoomzone', 728, 885, 'noimage.jpg', 'molestie lorem quisque ut erat curabitur gravida nisi at nibh in hac habitasse', '절판', '2021-01-12 00:00:00', '2021-09-23 00:00:00'),
	(729, '103219909-1', '외국어', 'Voltsillam', 'Jacquetta', 'Browsetype', 729, 551, 'noimage.jpg', 'nisl duis ac nibh fusce lacus purus aliquet at feugiat non pretium quis lectus suspendisse potenti in eleifend quam', '판매중', '2021-03-06 00:00:00', '2021-09-23 00:00:00'),
	(730, '535813632-0', '만화', 'Andalax', 'Ally', 'Browsecat', 730, 984, 'noimage.jpg', 'rhoncus dui vel sem sed sagittis nam congue risus semper', '절판', '2020-10-12 00:00:00', '2021-09-23 00:00:00'),
	(731, '511648880-2', '여행', 'Aerified', 'Krishnah', 'Skynoodle', 731, 106, 'noimage.jpg', 'sed tristique in tempus sit amet sem fusce consequat nulla nisl nunc nisl duis', '구편절판', '2021-07-02 00:00:00', '2021-09-23 00:00:00'),
	(732, '892141212-3', '외국어', 'Y-find', 'Ashien', 'Gigazoom', 732, 168, 'noimage.jpg', 'aliquam quis turpis eget elit sodales scelerisque mauris sit amet eros suspendisse accumsan', '절판', '2020-10-15 00:00:00', '2021-09-23 00:00:00'),
	(733, '615227563-6', '여행', 'Overhold', 'Riccardo', 'Geba', 733, 169, 'noimage.jpg', 'rhoncus aliquam lacus morbi quis tortor id nulla ultrices aliquet', '판매중', '2020-12-13 00:00:00', '2021-09-23 00:00:00'),
	(734, '918509368-8', '경제', 'Cookley', 'Dick', 'Voolith', 734, 894, 'noimage.jpg', 'nulla mollis molestie lorem quisque ut erat curabitur gravida nisi at nibh in hac habitasse platea dictumst aliquam', '판매중', '2021-02-11 00:00:00', '2021-09-23 00:00:00'),
	(735, '682673215-7', '소설', 'Y-Solowarm', 'Vasilis', 'Meejo', 735, 910, 'noimage.jpg', 'ut nunc vestibulum ante ipsum primis in faucibus orci luctus et', '판매중', '2020-12-19 00:00:00', '2021-09-23 00:00:00'),
	(736, '903817664-3', '경제', 'Transcof', 'Gustave', 'Brainbox', 736, 742, 'noimage.jpg', 'eu massa donec dapibus duis at velit eu est congue elementum in hac habitasse platea dictumst morbi', '판매중', '2021-05-21 00:00:00', '2021-09-23 00:00:00'),
	(737, '825285312-9', '외국어', 'Veribet', 'Joyce', 'Twitterworks', 737, 469, 'noimage.jpg', 'tempor convallis nulla neque libero convallis eget eleifend luctus ultricies eu nibh', '구편절판', '2021-06-24 00:00:00', '2021-09-23 00:00:00'),
	(738, '040115301-0', '만화', 'Bamity', 'Bradly', 'Tagcat', 738, 232, 'noimage.jpg', 'morbi porttitor lorem id ligula suspendisse ornare consequat lectus in est risus auctor sed', '절판', '2020-11-27 00:00:00', '2021-09-23 00:00:00'),
	(739, '375307994-4', '여행', 'Prodder', 'Harri', 'Yozio', 739, 135, 'noimage.jpg', 'laoreet ut rhoncus aliquet pulvinar sed nisl nunc rhoncus dui vel sem sed sagittis', '절판', '2021-08-28 00:00:00', '2021-09-23 00:00:00'),
	(740, '182366144-0', '만화', 'Bitchip', 'Gillan', 'Voolia', 740, 223, 'noimage.jpg', 'consectetuer adipiscing elit proin risus praesent lectus vestibulum quam sapien varius ut blandit non', '구편절판', '2021-05-31 00:00:00', '2021-09-23 00:00:00'),
	(741, '711277051-3', '소설', 'Regrant', 'Kyla', 'Aimbo', 741, 281, 'noimage.jpg', 'in felis donec semper sapien a libero nam dui proin leo odio porttitor id consequat in consequat ut', '판매중', '2021-03-24 00:00:00', '2021-09-23 00:00:00'),
	(742, '417831028-3', '소설', 'Fintone', 'Celisse', 'Fivechat', 742, 136, 'noimage.jpg', 'vel pede morbi porttitor lorem id ligula suspendisse ornare consequat', '판매중', '2021-01-30 00:00:00', '2021-09-23 00:00:00'),
	(743, '273082758-7', '외국어', 'Greenlam', 'Maybelle', 'Thoughtworks', 743, 993, 'noimage.jpg', 'ante vivamus tortor duis mattis egestas metus aenean fermentum donec ut mauris eget massa tempor convallis nulla neque libero', '품절', '2021-08-19 00:00:00', '2021-09-23 00:00:00'),
	(744, '729642584-9', '만화', 'Bitwolf', 'Leigha', 'Twimbo', 744, 608, 'noimage.jpg', 'in consequat ut nulla sed accumsan felis ut at dolor quis odio consequat varius integer ac', '품절', '2021-06-12 00:00:00', '2021-09-23 00:00:00'),
	(745, '057164334-5', '만화', 'Y-Solowarm', 'Kaila', 'Dabvine', 745, 510, 'noimage.jpg', 'massa volutpat convallis morbi odio odio elementum eu interdum eu tincidunt in leo maecenas pulvinar lobortis est', '구편절판', '2020-12-19 00:00:00', '2021-09-23 00:00:00'),
	(746, '666716159-2', '여행', 'Aerified', 'Julian', 'Oyoloo', 746, 365, 'noimage.jpg', 'semper porta volutpat quam pede lobortis ligula sit amet eleifend pede', '절판', '2021-05-05 00:00:00', '2021-09-23 00:00:00'),
	(747, '644051729-5', '여행', 'Stronghold', 'Kimmy', 'Youfeed', 747, 260, 'noimage.jpg', 'duis bibendum felis sed interdum venenatis turpis enim blandit mi in porttitor pede justo eu massa donec dapibus duis', '구편절판', '2021-08-08 00:00:00', '2021-09-23 00:00:00'),
	(748, '770763047-5', '외국어', 'Cardify', 'Robinia', 'Eare', 748, 147, 'noimage.jpg', 'dignissim vestibulum vestibulum ante ipsum primis in faucibus orci luctus et ultrices posuere cubilia curae nulla dapibus dolor', '판매중', '2021-01-18 00:00:00', '2021-09-23 00:00:00'),
	(749, '233803021-4', '소설', 'Flowdesk', 'Tiphani', 'Yakidoo', 749, 438, 'noimage.jpg', 'morbi quis tortor id nulla ultrices aliquet maecenas leo odio condimentum id', '판매중', '2021-09-03 00:00:00', '2021-09-23 00:00:00'),
	(750, '059010762-3', '경제', 'Redhold', 'Leeann', 'Twinder', 750, 365, 'noimage.jpg', 'adipiscing elit proin interdum mauris non ligula pellentesque ultrices phasellus', '절판', '2021-05-19 00:00:00', '2021-09-23 00:00:00'),
	(751, '077183693-7', '소설', 'Temp', 'Carolynn', 'Twitterbridge', 751, 796, 'noimage.jpg', 'gravida sem praesent id massa id nisl venenatis lacinia aenean sit', '구편절판', '2020-10-31 00:00:00', '2021-09-23 00:00:00'),
	(752, '747288006-X', '경제', 'Gembucket', 'Jemie', 'Mita', 752, 561, 'noimage.jpg', 'laoreet ut rhoncus aliquet pulvinar sed nisl nunc rhoncus dui', '구편절판', '2020-09-26 00:00:00', '2021-09-23 00:00:00'),
	(753, '459038705-0', '여행', 'Daltfresh', 'Carree', 'Pixonyx', 753, 722, 'noimage.jpg', 'tincidunt in leo maecenas pulvinar lobortis est phasellus sit amet erat nulla tempus', '품절', '2020-11-24 00:00:00', '2021-09-23 00:00:00'),
	(754, '467660944-2', '경제', 'Flowdesk', 'Leona', 'Miboo', 754, 935, 'noimage.jpg', 'praesent id massa id nisl venenatis lacinia aenean sit amet justo morbi ut odio cras mi', '절판', '2020-12-20 00:00:00', '2021-09-23 00:00:00'),
	(755, '804492251-2', '여행', 'Voyatouch', 'Marti', 'Leenti', 755, 659, 'noimage.jpg', 'eget eleifend luctus ultricies eu nibh quisque id justo sit amet sapien dignissim', '절판', '2020-12-05 00:00:00', '2021-09-23 00:00:00'),
	(756, '966339237-1', '여행', 'Bitwolf', 'Lilias', 'Geba', 756, 706, 'noimage.jpg', 'faucibus orci luctus et ultrices posuere cubilia curae mauris viverra diam vitae quam suspendisse potenti', '절판', '2021-04-30 00:00:00', '2021-09-23 00:00:00'),
	(757, '515026665-5', '소설', 'Voltsillam', 'Marietta', 'Tagchat', 757, 573, 'noimage.jpg', 'maecenas leo odio condimentum id luctus nec molestie sed justo', '구편절판', '2021-01-03 00:00:00', '2021-09-23 00:00:00'),
	(758, '224523880-X', '만화', 'Matsoft', 'Shannen', 'Ntag', 758, 109, 'noimage.jpg', 'ut massa volutpat convallis morbi odio odio elementum eu interdum eu', '절판', '2021-05-24 00:00:00', '2021-09-23 00:00:00'),
	(759, '717100108-3', '여행', 'Subin', 'Bernadette', 'Bluejam', 759, 177, 'noimage.jpg', 'cras pellentesque volutpat dui maecenas tristique est et tempus semper est quam pharetra', '품절', '2021-07-28 00:00:00', '2021-09-23 00:00:00'),
	(760, '911730438-5', '여행', 'Greenlam', 'Edee', 'Browsezoom', 760, 760, 'noimage.jpg', 'molestie lorem quisque ut erat curabitur gravida nisi at nibh in hac habitasse', '구편절판', '2021-04-24 00:00:00', '2021-09-23 00:00:00'),
	(761, '665755143-6', '여행', 'Temp', 'Marilyn', 'Rooxo', 761, 807, 'noimage.jpg', 'volutpat quam pede lobortis ligula sit amet eleifend pede libero quis orci', '구편절판', '2021-01-29 00:00:00', '2021-09-23 00:00:00'),
	(762, '671784454-X', '만화', 'Bytecard', 'Reine', 'Flashdog', 762, 781, 'noimage.jpg', 'justo lacinia eget tincidunt eget tempus vel pede morbi porttitor lorem id ligula suspendisse', '품절', '2020-12-26 00:00:00', '2021-09-23 00:00:00'),
	(763, '415152498-3', '여행', 'Alphazap', 'Danny', 'Eire', 763, 510, 'noimage.jpg', 'integer pede justo lacinia eget tincidunt eget tempus vel pede morbi porttitor', '판매중', '2021-01-15 00:00:00', '2021-09-23 00:00:00'),
	(764, '312916758-7', '외국어', 'Sonair', 'Prinz', 'Oyondu', 764, 267, 'noimage.jpg', 'id ornare imperdiet sapien urna pretium nisl ut volutpat sapien arcu sed augue aliquam erat volutpat in congue', '판매중', '2021-05-11 00:00:00', '2021-09-23 00:00:00'),
	(765, '066146878-X', '경제', 'Ventosanzap', 'Christi', 'Linklinks', 765, 486, 'noimage.jpg', 'pretium iaculis diam erat fermentum justo nec condimentum neque sapien placerat ante nulla justo aliquam quis turpis eget', '절판', '2021-08-16 00:00:00', '2021-09-23 00:00:00'),
	(766, '453615187-7', '경제', 'Mat Lam Tam', 'Loy', 'Dabjam', 766, 671, 'noimage.jpg', 'id nisl venenatis lacinia aenean sit amet justo morbi ut odio', '절판', '2021-02-16 00:00:00', '2021-09-23 00:00:00'),
	(767, '747943558-4', '경제', 'Rank', 'Ky', 'Flashspan', 767, 197, 'noimage.jpg', 'proin leo odio porttitor id consequat in consequat ut nulla sed accumsan felis', '절판', '2021-06-08 00:00:00', '2021-09-23 00:00:00'),
	(768, '752645410-1', '여행', 'Overhold', 'Philip', 'Brainverse', 768, 890, 'noimage.jpg', 'leo maecenas pulvinar lobortis est phasellus sit amet erat nulla', '구편절판', '2021-03-31 00:00:00', '2021-09-23 00:00:00'),
	(769, '966596781-9', '외국어', 'Tresom', 'Loree', 'Rooxo', 769, 204, 'noimage.jpg', 'proin leo odio porttitor id consequat in consequat ut nulla sed accumsan felis ut at', '판매중', '2020-10-08 00:00:00', '2021-09-23 00:00:00'),
	(770, '041832387-9', '여행', 'Bitchip', 'Kit', 'Skaboo', 770, 257, 'noimage.jpg', 'dui nec nisi volutpat eleifend donec ut dolor morbi vel', '구편절판', '2020-11-01 00:00:00', '2021-09-23 00:00:00'),
	(771, '867971448-8', '여행', 'Job', 'Ketti', 'Skippad', 771, 668, 'noimage.jpg', 'arcu adipiscing molestie hendrerit at vulputate vitae nisl aenean lectus pellentesque eget nunc donec quis orci eget', '품절', '2021-08-01 00:00:00', '2021-09-23 00:00:00'),
	(772, '772755727-7', '소설', 'Cookley', 'Milissent', 'Ntag', 772, 610, 'noimage.jpg', 'pellentesque ultrices phasellus id sapien in sapien iaculis congue vivamus metus', '구편절판', '2021-03-28 00:00:00', '2021-09-23 00:00:00'),
	(773, '518100000-2', '경제', 'Vagram', 'Saudra', 'Wikivu', 773, 774, 'noimage.jpg', 'ultrices posuere cubilia curae mauris viverra diam vitae quam suspendisse potenti nullam porttitor lacus at turpis donec', '구편절판', '2021-01-19 00:00:00', '2021-09-23 00:00:00'),
	(774, '423918500-9', '경제', 'Veribet', 'Adey', 'Twitterbridge', 774, 693, 'noimage.jpg', 'pulvinar sed nisl nunc rhoncus dui vel sem sed sagittis nam congue risus semper porta volutpat quam', '구편절판', '2021-04-11 00:00:00', '2021-09-23 00:00:00'),
	(775, '145936121-0', '경제', 'Y-find', 'Kipp', 'Jaxbean', 775, 542, 'noimage.jpg', 'eget congue eget semper rutrum nulla nunc purus phasellus in felis donec semper sapien a libero', '품절', '2021-01-27 00:00:00', '2021-09-23 00:00:00'),
	(776, '520279527-0', '외국어', 'Matsoft', 'Cybil', 'Demimbu', 776, 144, 'noimage.jpg', 'nulla tempus vivamus in felis eu sapien cursus vestibulum proin eu mi nulla ac enim in tempor turpis nec', '구편절판', '2020-10-07 00:00:00', '2021-09-23 00:00:00'),
	(777, '460661945-7', '경제', 'Bitchip', 'Eadie', 'Tagcat', 777, 319, 'noimage.jpg', 'eget tempus vel pede morbi porttitor lorem id ligula suspendisse ornare consequat', '절판', '2021-02-01 00:00:00', '2021-09-23 00:00:00'),
	(778, '179701131-6', '만화', 'Transcof', 'Jeniece', 'Twiyo', 778, 157, 'noimage.jpg', 'placerat praesent blandit nam nulla integer pede justo lacinia eget tincidunt eget tempus', '판매중', '2020-11-02 00:00:00', '2021-09-23 00:00:00'),
	(779, '451591955-5', '소설', 'Viva', 'Darren', 'Agivu', 779, 321, 'noimage.jpg', 'mauris morbi non lectus aliquam sit amet diam in magna bibendum imperdiet', '품절', '2020-11-15 00:00:00', '2021-09-23 00:00:00'),
	(780, '478835768-2', '경제', 'Alpha', 'Elsinore', 'Voonder', 780, 942, 'noimage.jpg', 'cubilia curae duis faucibus accumsan odio curabitur convallis duis consequat', '절판', '2020-11-16 00:00:00', '2021-09-23 00:00:00'),
	(781, '861520297-4', '외국어', 'Redhold', 'Audry', 'Dynazzy', 781, 250, 'noimage.jpg', 'ultrices vel augue vestibulum ante ipsum primis in faucibus orci luctus et', '절판', '2020-11-27 00:00:00', '2021-09-23 00:00:00'),
	(782, '175253509-X', '외국어', 'Alpha', 'Ema', 'Topiclounge', 782, 183, 'noimage.jpg', 'pretium quis lectus suspendisse potenti in eleifend quam a odio', '구편절판', '2021-02-16 00:00:00', '2021-09-23 00:00:00'),
	(783, '229158315-8', '소설', 'Vagram', 'Coriss', 'Devpoint', 783, 399, 'noimage.jpg', 'rutrum nulla tellus in sagittis dui vel nisl duis ac nibh fusce lacus purus aliquet at', '구편절판', '2021-06-11 00:00:00', '2021-09-23 00:00:00'),
	(784, '858366037-9', '만화', 'Andalax', 'Powell', 'Pixope', 784, 820, 'noimage.jpg', 'eget orci vehicula condimentum curabitur in libero ut massa volutpat convallis morbi odio odio', '절판', '2021-05-22 00:00:00', '2021-09-23 00:00:00'),
	(785, '416137365-1', '경제', 'Wrapsafe', 'Lucian', 'Zoomlounge', 785, 721, 'noimage.jpg', 'convallis nunc proin at turpis a pede posuere nonummy integer non', '판매중', '2021-03-20 00:00:00', '2021-09-23 00:00:00'),
	(786, '291340337-9', '경제', 'Bytecard', 'Rafaelita', 'Zoomcast', 786, 872, 'noimage.jpg', 'massa donec dapibus duis at velit eu est congue elementum in hac habitasse platea dictumst morbi vestibulum velit id pretium', '절판', '2021-07-12 00:00:00', '2021-09-23 00:00:00'),
	(787, '130698365-7', '여행', 'Overhold', 'Terza', 'Linklinks', 787, 276, 'noimage.jpg', 'nulla integer pede justo lacinia eget tincidunt eget tempus vel pede morbi porttitor lorem id ligula', '품절', '2021-08-14 00:00:00', '2021-09-23 00:00:00'),
	(788, '403370198-2', '만화', 'Transcof', 'Tracie', 'Yoveo', 788, 864, 'noimage.jpg', 'lorem vitae mattis nibh ligula nec sem duis aliquam convallis nunc proin at turpis a pede posuere nonummy integer', '품절', '2021-01-18 00:00:00', '2021-09-23 00:00:00'),
	(789, '765104754-0', '여행', 'Voyatouch', 'Lester', 'Gigaclub', 789, 367, 'noimage.jpg', 'proin at turpis a pede posuere nonummy integer non velit donec', '구편절판', '2021-02-22 00:00:00', '2021-09-23 00:00:00'),
	(790, '357420524-4', '소설', 'Fintone', 'Sylvester', 'Mydeo', 790, 421, 'noimage.jpg', 'montes nascetur ridiculus mus etiam vel augue vestibulum rutrum rutrum neque aenean', '품절', '2021-08-08 00:00:00', '2021-09-23 00:00:00'),
	(791, '598896819-8', '소설', 'Andalax', 'Obie', 'Jetpulse', 791, 453, 'noimage.jpg', 'ultrices aliquet maecenas leo odio condimentum id luctus nec molestie sed justo pellentesque viverra pede', '절판', '2021-02-18 00:00:00', '2021-09-23 00:00:00'),
	(792, '255835872-3', '소설', 'Asoka', 'Evelyn', 'Skiptube', 792, 312, 'noimage.jpg', 'non lectus aliquam sit amet diam in magna bibendum imperdiet nullam orci pede venenatis non sodales sed tincidunt eu', '구편절판', '2021-02-25 00:00:00', '2021-09-23 00:00:00'),
	(793, '411270397-X', '외국어', 'Bitchip', 'Arley', 'Skipstorm', 793, 999, 'noimage.jpg', 'pede venenatis non sodales sed tincidunt eu felis fusce posuere felis sed lacus morbi sem mauris laoreet', '품절', '2021-01-08 00:00:00', '2021-09-23 00:00:00'),
	(794, '067866809-4', '경제', 'Trippledex', 'Blythe', 'Topicshots', 794, 397, 'noimage.jpg', 'tellus in sagittis dui vel nisl duis ac nibh fusce lacus purus aliquet at feugiat non pretium', '구편절판', '2021-07-02 00:00:00', '2021-09-23 00:00:00'),
	(795, '176281516-8', '경제', 'Y-Solowarm', 'Mabel', 'Edgeclub', 795, 665, 'noimage.jpg', 'et eros vestibulum ac est lacinia nisi venenatis tristique fusce congue diam id ornare imperdiet sapien urna pretium nisl', '품절', '2021-09-21 00:00:00', '2021-09-23 00:00:00'),
	(796, '220200840-3', '외국어', 'Aerified', 'Rycca', 'Yakijo', 796, 232, 'noimage.jpg', 'sit amet eros suspendisse accumsan tortor quis turpis sed ante vivamus tortor duis mattis egestas metus aenean fermentum', '판매중', '2021-01-22 00:00:00', '2021-09-23 00:00:00'),
	(797, '897766803-4', '여행', 'Ronstring', 'Kessiah', 'Twitterworks', 797, 354, 'noimage.jpg', 'semper interdum mauris ullamcorper purus sit amet nulla quisque arcu libero', '구편절판', '2021-07-22 00:00:00', '2021-09-23 00:00:00'),
	(798, '492256738-0', '만화', 'Duobam', 'Filide', 'Yambee', 798, 650, 'noimage.jpg', 'eget tempus vel pede morbi porttitor lorem id ligula suspendisse ornare consequat lectus', '절판', '2021-02-16 00:00:00', '2021-09-23 00:00:00'),
	(799, '783907483-9', '만화', 'Y-find', 'Archibold', 'Flipopia', 799, 427, 'noimage.jpg', 'potenti cras in purus eu magna vulputate luctus cum sociis natoque penatibus', '품절', '2021-06-16 00:00:00', '2021-09-23 00:00:00'),
	(800, '032841153-1', '소설', 'Solarbreeze', 'Abraham', 'Devpoint', 800, 668, 'noimage.jpg', 'praesent id massa id nisl venenatis lacinia aenean sit amet justo morbi ut odio cras mi pede malesuada', '판매중', '2020-11-19 00:00:00', '2021-09-23 00:00:00'),
	(801, '374211673-8', '경제', 'Veribet', 'Lettie', 'Rhyzio', 801, 343, 'noimage.jpg', 'volutpat erat quisque erat eros viverra eget congue eget semper rutrum nulla nunc purus phasellus in', '구편절판', '2020-11-21 00:00:00', '2021-09-23 00:00:00'),
	(802, '048078277-6', '소설', 'Namfix', 'Livy', 'Thoughtstorm', 802, 795, 'noimage.jpg', 'lorem ipsum dolor sit amet consectetuer adipiscing elit proin interdum mauris', '품절', '2021-07-06 00:00:00', '2021-09-23 00:00:00'),
	(803, '534320406-6', '소설', 'Greenlam', 'Lina', 'Reallinks', 803, 583, 'noimage.jpg', 'amet diam in magna bibendum imperdiet nullam orci pede venenatis non sodales sed', '구편절판', '2020-12-10 00:00:00', '2021-09-23 00:00:00'),
	(804, '193884651-6', '여행', 'Tin', 'Hendrika', 'Fatz', 804, 290, 'noimage.jpg', 'quis libero nullam sit amet turpis elementum ligula vehicula consequat morbi a ipsum integer a nibh in quis', '판매중', '2021-06-24 00:00:00', '2021-09-23 00:00:00'),
	(805, '748650655-6', '소설', 'Hatity', 'Theodore', 'Tanoodle', 805, 933, 'noimage.jpg', 'lacinia nisi venenatis tristique fusce congue diam id ornare imperdiet sapien urna pretium nisl ut volutpat sapien arcu sed', '구편절판', '2021-06-24 00:00:00', '2021-09-23 00:00:00'),
	(806, '039409067-5', '소설', 'Zontrax', 'Karlik', 'Muxo', 806, 457, 'noimage.jpg', 'phasellus in felis donec semper sapien a libero nam dui proin leo', '절판', '2021-02-07 00:00:00', '2021-09-23 00:00:00'),
	(807, '054650770-0', '경제', 'Cookley', 'Ivory', 'Yozio', 807, 309, 'noimage.jpg', 'nam congue risus semper porta volutpat quam pede lobortis ligula sit amet eleifend pede libero quis orci', '품절', '2021-09-13 00:00:00', '2021-09-23 00:00:00'),
	(808, '427779105-0', '소설', 'Subin', 'Demetra', 'Youtags', 808, 823, 'noimage.jpg', 'fermentum justo nec condimentum neque sapien placerat ante nulla justo aliquam', '구편절판', '2021-07-12 00:00:00', '2021-09-23 00:00:00'),
	(809, '932384945-6', '소설', 'Tampflex', 'Bard', 'Ailane', 809, 471, 'noimage.jpg', 'volutpat in congue etiam justo etiam pretium iaculis justo in hac habitasse platea', '판매중', '2020-12-16 00:00:00', '2021-09-23 00:00:00'),
	(810, '132405595-2', '여행', 'Wrapsafe', 'Allyce', 'Browsezoom', 810, 874, 'noimage.jpg', 'lorem ipsum dolor sit amet consectetuer adipiscing elit proin risus praesent', '판매중', '2020-12-21 00:00:00', '2021-09-23 00:00:00'),
	(811, '105620149-5', '여행', 'Bigtax', 'Dolores', 'Browsecat', 811, 165, 'noimage.jpg', 'nulla ultrices aliquet maecenas leo odio condimentum id luctus nec', '판매중', '2021-05-25 00:00:00', '2021-09-23 00:00:00'),
	(812, '565095988-9', '외국어', 'Stringtough', 'Krisha', 'Roombo', 812, 814, 'noimage.jpg', 'sapien ut nunc vestibulum ante ipsum primis in faucibus orci luctus et ultrices posuere cubilia', '판매중', '2021-04-09 00:00:00', '2021-09-23 00:00:00'),
	(813, '418461851-0', '외국어', 'Biodex', 'Rosamund', 'Yodo', 813, 647, 'noimage.jpg', 'phasellus sit amet erat nulla tempus vivamus in felis eu sapien cursus vestibulum proin eu mi', '품절', '2020-11-08 00:00:00', '2021-09-23 00:00:00'),
	(814, '490639307-1', '외국어', 'Alphazap', 'Barclay', 'Linkbuzz', 814, 479, 'noimage.jpg', 'commodo placerat praesent blandit nam nulla integer pede justo lacinia', '판매중', '2020-11-24 00:00:00', '2021-09-23 00:00:00'),
	(815, '263581913-0', '여행', 'Cookley', 'Micheal', 'Avavee', 815, 646, 'noimage.jpg', 'a feugiat et eros vestibulum ac est lacinia nisi venenatis tristique fusce congue', '구편절판', '2020-12-04 00:00:00', '2021-09-23 00:00:00'),
	(816, '921901081-X', '경제', 'Zaam-Dox', 'Natala', 'Ooba', 816, 193, 'noimage.jpg', 'nascetur ridiculus mus etiam vel augue vestibulum rutrum rutrum neque', '판매중', '2021-07-25 00:00:00', '2021-09-23 00:00:00'),
	(817, '441144113-6', '소설', 'Voltsillam', 'Gradeigh', 'Tagopia', 817, 646, 'noimage.jpg', 'venenatis turpis enim blandit mi in porttitor pede justo eu massa donec dapibus duis at velit', '절판', '2021-08-28 00:00:00', '2021-09-23 00:00:00'),
	(818, '867946936-X', '여행', 'Tampflex', 'Dacy', 'Skiba', 818, 500, 'noimage.jpg', 'nunc nisl duis bibendum felis sed interdum venenatis turpis enim blandit mi in porttitor pede justo eu massa', '절판', '2021-01-27 00:00:00', '2021-09-23 00:00:00'),
	(819, '704298957-0', '여행', 'Stringtough', 'Morey', 'Abata', 819, 279, 'noimage.jpg', 'ultrices posuere cubilia curae mauris viverra diam vitae quam suspendisse potenti nullam', '절판', '2021-04-25 00:00:00', '2021-09-23 00:00:00'),
	(820, '889937344-2', '여행', 'Bigtax', 'Merrill', 'Photofeed', 820, 232, 'noimage.jpg', 'ut odio cras mi pede malesuada in imperdiet et commodo vulputate justo in blandit ultrices enim lorem ipsum dolor sit', '품절', '2021-02-21 00:00:00', '2021-09-23 00:00:00'),
	(821, '743108160-X', '외국어', 'Biodex', 'Ewart', 'Babbleset', 821, 548, 'noimage.jpg', 'suspendisse potenti in eleifend quam a odio in hac habitasse platea', '판매중', '2021-07-27 00:00:00', '2021-09-23 00:00:00'),
	(822, '696341137-9', '외국어', 'Greenlam', 'Cindi', 'Pixonyx', 822, 332, 'noimage.jpg', 'donec dapibus duis at velit eu est congue elementum in hac habitasse', '구편절판', '2020-11-01 00:00:00', '2021-09-23 00:00:00'),
	(823, '033464571-9', '경제', 'Voyatouch', 'Filberto', 'Brainbox', 823, 588, 'noimage.jpg', 'platea dictumst etiam faucibus cursus urna ut tellus nulla ut erat id mauris vulputate elementum nullam varius nulla facilisi', '구편절판', '2020-10-11 00:00:00', '2021-09-23 00:00:00'),
	(824, '526403873-2', '소설', 'Konklux', 'Arne', 'Wikizz', 824, 882, 'noimage.jpg', 'nunc donec quis orci eget orci vehicula condimentum curabitur in libero ut massa volutpat convallis morbi odio', '절판', '2021-06-20 00:00:00', '2021-09-23 00:00:00'),
	(825, '941472530-X', '만화', 'Viva', 'Brod', 'Blogtags', 825, 419, 'noimage.jpg', 'pharetra magna vestibulum aliquet ultrices erat tortor sollicitudin mi sit amet lobortis sapien sapien non mi integer', '품절', '2021-04-05 00:00:00', '2021-09-23 00:00:00'),
	(826, '343169077-7', '경제', 'Latlux', 'Retha', 'Kazu', 826, 907, 'noimage.jpg', 'interdum in ante vestibulum ante ipsum primis in faucibus orci', '품절', '2021-01-06 00:00:00', '2021-09-23 00:00:00'),
	(827, '999915710-6', '외국어', 'Treeflex', 'Ollie', 'Yombu', 827, 817, 'noimage.jpg', 'proin at turpis a pede posuere nonummy integer non velit donec', '품절', '2021-05-07 00:00:00', '2021-09-23 00:00:00'),
	(828, '897043158-6', '경제', 'Tresom', 'Jobina', 'Eamia', 828, 525, 'noimage.jpg', 'faucibus orci luctus et ultrices posuere cubilia curae duis faucibus accumsan odio curabitur convallis', '구편절판', '2020-10-27 00:00:00', '2021-09-23 00:00:00'),
	(829, '658420909-1', '외국어', 'Kanlam', 'Charissa', 'Jazzy', 829, 617, 'noimage.jpg', 'habitasse platea dictumst morbi vestibulum velit id pretium iaculis diam erat fermentum justo nec condimentum', '판매중', '2021-04-03 00:00:00', '2021-09-23 00:00:00'),
	(830, '926351217-5', '만화', 'Voyatouch', 'Masha', 'Twinte', 830, 203, 'noimage.jpg', 'faucibus orci luctus et ultrices posuere cubilia curae mauris viverra', '품절', '2021-07-19 00:00:00', '2021-09-23 00:00:00'),
	(831, '132688346-1', '만화', 'Transcof', 'Osbourn', 'Miboo', 831, 946, 'noimage.jpg', 'in leo maecenas pulvinar lobortis est phasellus sit amet erat nulla', '판매중', '2021-03-20 00:00:00', '2021-09-23 00:00:00'),
	(832, '310696802-8', '외국어', 'Trippledex', 'Gwenore', 'Shuffledrive', 832, 484, 'noimage.jpg', 'ac nulla sed vel enim sit amet nunc viverra dapibus nulla suscipit ligula in', '품절', '2020-11-25 00:00:00', '2021-09-23 00:00:00'),
	(833, '346035090-3', '외국어', 'Konklux', 'Angelica', 'Twiyo', 833, 487, 'noimage.jpg', 'accumsan tortor quis turpis sed ante vivamus tortor duis mattis egestas metus', '판매중', '2020-10-20 00:00:00', '2021-09-23 00:00:00'),
	(834, '096714379-9', '소설', 'Fix San', 'Barnie', 'Aimbo', 834, 384, 'noimage.jpg', 'morbi a ipsum integer a nibh in quis justo maecenas rhoncus aliquam lacus morbi quis', '구편절판', '2020-10-03 00:00:00', '2021-09-23 00:00:00'),
	(835, '029436598-2', '외국어', 'Solarbreeze', 'Lorrayne', 'Yakijo', 835, 671, 'noimage.jpg', 'quis lectus suspendisse potenti in eleifend quam a odio in', '품절', '2021-04-13 00:00:00', '2021-09-23 00:00:00'),
	(836, '359677075-0', '외국어', 'Subin', 'Adria', 'Reallinks', 836, 607, 'noimage.jpg', 'faucibus orci luctus et ultrices posuere cubilia curae donec pharetra magna vestibulum aliquet ultrices erat tortor sollicitudin mi sit', '절판', '2021-09-20 00:00:00', '2021-09-23 00:00:00'),
	(837, '557227331-7', '소설', 'Daltfresh', 'Nanice', 'Leenti', 837, 220, 'noimage.jpg', 'ligula pellentesque ultrices phasellus id sapien in sapien iaculis congue vivamus metus arcu adipiscing molestie hendrerit', '구편절판', '2021-03-07 00:00:00', '2021-09-23 00:00:00'),
	(838, '063701960-1', '외국어', 'Solarbreeze', 'Lissie', 'Photobean', 838, 233, 'noimage.jpg', 'lorem quisque ut erat curabitur gravida nisi at nibh in hac habitasse platea dictumst aliquam augue quam', '구편절판', '2020-10-11 00:00:00', '2021-09-23 00:00:00'),
	(839, '203308865-0', '외국어', 'Trippledex', 'Garey', 'Kwimbee', 839, 626, 'noimage.jpg', 'vel nisl duis ac nibh fusce lacus purus aliquet at feugiat non pretium quis lectus', '판매중', '2020-11-22 00:00:00', '2021-09-23 00:00:00'),
	(840, '115365684-1', '외국어', 'Home Ing', 'Nil', 'Edgepulse', 840, 396, 'noimage.jpg', 'vestibulum vestibulum ante ipsum primis in faucibus orci luctus et ultrices posuere cubilia curae nulla', '절판', '2020-12-17 00:00:00', '2021-09-23 00:00:00'),
	(841, '051763876-2', '경제', 'Gembucket', 'Lizabeth', 'Dynazzy', 841, 434, 'noimage.jpg', 'vestibulum velit id pretium iaculis diam erat fermentum justo nec condimentum neque sapien placerat ante nulla', '품절', '2020-10-21 00:00:00', '2021-09-23 00:00:00'),
	(842, '563923369-9', '만화', 'Aerified', 'Madelaine', 'BlogXS', 842, 279, 'noimage.jpg', 'natoque penatibus et magnis dis parturient montes nascetur ridiculus mus', '품절', '2021-02-12 00:00:00', '2021-09-23 00:00:00'),
	(843, '107120155-7', '여행', 'Treeflex', 'Cher', 'Jabbercube', 843, 337, 'noimage.jpg', 'ligula vehicula consequat morbi a ipsum integer a nibh in quis justo maecenas rhoncus aliquam lacus morbi quis tortor', '품절', '2021-03-24 00:00:00', '2021-09-23 00:00:00'),
	(844, '622634992-1', '여행', 'Konklab', 'Herminia', 'Tagcat', 844, 117, 'noimage.jpg', 'duis at velit eu est congue elementum in hac habitasse platea dictumst morbi', '구편절판', '2020-10-28 00:00:00', '2021-09-23 00:00:00'),
	(845, '494333829-1', '만화', 'Bigtax', 'Marius', 'Wikido', 845, 587, 'noimage.jpg', 'ante ipsum primis in faucibus orci luctus et ultrices posuere cubilia curae nulla', '품절', '2021-06-07 00:00:00', '2021-09-23 00:00:00'),
	(846, '837179826-1', '외국어', 'Otcom', 'Corey', 'Kimia', 846, 210, 'noimage.jpg', 'in hac habitasse platea dictumst etiam faucibus cursus urna ut tellus nulla ut erat id', '품절', '2020-10-20 00:00:00', '2021-09-23 00:00:00'),
	(847, '441291936-6', '소설', 'Cardify', 'Doralynn', 'Oyoba', 847, 482, 'noimage.jpg', 'sit amet erat nulla tempus vivamus in felis eu sapien cursus vestibulum proin', '절판', '2021-09-08 00:00:00', '2021-09-23 00:00:00'),
	(848, '792469711-X', '경제', 'Bamity', 'Phillipe', 'Photobug', 848, 804, 'noimage.jpg', 'curae mauris viverra diam vitae quam suspendisse potenti nullam porttitor lacus at turpis donec posuere metus', '절판', '2020-11-22 00:00:00', '2021-09-23 00:00:00'),
	(849, '405373651-X', '경제', 'Tempsoft', 'Zuzana', 'Mudo', 849, 968, 'noimage.jpg', 'est donec odio justo sollicitudin ut suscipit a feugiat et eros vestibulum', '품절', '2021-02-25 00:00:00', '2021-09-23 00:00:00'),
	(850, '262246618-8', '소설', 'Fintone', 'Belicia', 'Katz', 850, 124, 'noimage.jpg', 'platea dictumst etiam faucibus cursus urna ut tellus nulla ut', '절판', '2021-02-11 00:00:00', '2021-09-23 00:00:00'),
	(851, '325473624-9', '만화', 'Zathin', 'Ivory', 'Riffpedia', 851, 618, 'noimage.jpg', 'lacus morbi quis tortor id nulla ultrices aliquet maecenas leo odio condimentum id luctus nec molestie sed justo pellentesque viverra', '구편절판', '2021-09-21 00:00:00', '2021-09-23 00:00:00'),
	(852, '857190207-0', '외국어', 'Pannier', 'Jarred', 'Vinder', 852, 936, 'noimage.jpg', 'ut at dolor quis odio consequat varius integer ac leo pellentesque ultrices mattis odio', '판매중', '2021-08-13 00:00:00', '2021-09-23 00:00:00'),
	(853, '098835797-6', '외국어', 'Bamity', 'Reid', 'Jabbersphere', 853, 538, 'noimage.jpg', 'pellentesque ultrices mattis odio donec vitae nisi nam ultrices libero non', '판매중', '2020-11-03 00:00:00', '2021-09-23 00:00:00'),
	(854, '220951113-5', '여행', 'Zaam-Dox', 'Karly', 'Gigaclub', 854, 823, 'noimage.jpg', 'in hac habitasse platea dictumst aliquam augue quam sollicitudin vitae consectetuer eget rutrum', '구편절판', '2021-08-16 00:00:00', '2021-09-23 00:00:00'),
	(855, '443616538-8', '여행', 'Tampflex', 'Pansie', 'Wikibox', 855, 404, 'noimage.jpg', 'lacinia aenean sit amet justo morbi ut odio cras mi pede malesuada in imperdiet et commodo', '품절', '2020-09-25 00:00:00', '2021-09-23 00:00:00'),
	(856, '596125811-4', '외국어', 'Zontrax', 'Renate', 'Bubblemix', 856, 433, 'noimage.jpg', 'posuere cubilia curae donec pharetra magna vestibulum aliquet ultrices erat tortor sollicitudin mi sit', '구편절판', '2021-04-01 00:00:00', '2021-09-23 00:00:00'),
	(857, '617489831-8', '외국어', 'Sonsing', 'York', 'Blognation', 857, 747, 'noimage.jpg', 'viverra dapibus nulla suscipit ligula in lacus curabitur at ipsum ac tellus semper interdum mauris ullamcorper purus sit', '판매중', '2021-04-19 00:00:00', '2021-09-23 00:00:00'),
	(858, '437539168-5', '소설', 'Tampflex', 'Calvin', 'Demimbu', 858, 896, 'noimage.jpg', 'orci vehicula condimentum curabitur in libero ut massa volutpat convallis morbi odio', '품절', '2021-01-29 00:00:00', '2021-09-23 00:00:00'),
	(859, '200654797-6', '경제', 'Asoka', 'Ruby', 'Twitterworks', 859, 661, 'a2.jpg', 'turpis sed ante vivamus tortor duis mattis egestas metus aenean fermentum donec', '구편절판', '2021-09-22 00:00:00', '2021-09-23 00:00:00'),
	(860, '753091232-1', '여행', 'Subin', 'Ciel', 'Photobean', 860, 238, 'noimage.jpg', 'sed tincidunt eu felis fusce posuere felis sed lacus morbi sem mauris', '절판', '2021-04-03 00:00:00', '2021-09-23 00:00:00'),
	(861, '061446898-1', '경제', 'Opela', 'Karina', 'Yotz', 861, 346, 'noimage.jpg', 'ultrices aliquet maecenas leo odio condimentum id luctus nec molestie sed justo pellentesque', '판매중', '2021-09-20 00:00:00', '2021-09-23 00:00:00'),
	(862, '834725946-1', '만화', 'Y-Solowarm', 'Raffaello', 'Skyndu', 862, 674, 'noimage.jpg', 'pharetra magna ac consequat metus sapien ut nunc vestibulum ante ipsum primis in faucibus', '절판', '2021-06-30 00:00:00', '2021-09-23 00:00:00'),
	(863, '486730000-4', '외국어', 'Keylex', 'Leese', 'Skilith', 863, 807, 'noimage.jpg', 'volutpat quam pede lobortis ligula sit amet eleifend pede libero quis orci nullam', '판매중', '2021-09-21 00:00:00', '2021-09-23 00:00:00'),
	(864, '954195488-X', '경제', 'Viva', 'Hermina', 'Skimia', 864, 302, 'noimage.jpg', 'nascetur ridiculus mus vivamus vestibulum sagittis sapien cum sociis natoque penatibus et magnis dis parturient montes nascetur ridiculus', '품절', '2021-06-07 00:00:00', '2021-09-23 00:00:00'),
	(865, '248830773-4', '소설', 'Lotlux', 'Orland', 'Blognation', 865, 365, 'noimage.jpg', 'aliquet pulvinar sed nisl nunc rhoncus dui vel sem sed sagittis nam congue risus semper porta', '구편절판', '2021-05-28 00:00:00', '2021-09-23 00:00:00'),
	(866, '145009084-2', '소설', 'Stim', 'Andres', 'Wordware', 866, 546, 'noimage.jpg', 'ornare consequat lectus in est risus auctor sed tristique in tempus sit amet sem fusce consequat nulla nisl', '품절', '2021-04-27 00:00:00', '2021-09-23 00:00:00'),
	(867, '808837301-8', '외국어', 'Gembucket', 'Pattie', 'Fivebridge', 867, 304, 'noimage.jpg', 'quisque ut erat curabitur gravida nisi at nibh in hac habitasse platea', '품절', '2021-05-11 00:00:00', '2021-09-23 00:00:00'),
	(868, '561531927-5', '소설', 'Cardify', 'Jacquelyn', 'Tanoodle', 868, 834, 'noimage.jpg', 'at feugiat non pretium quis lectus suspendisse potenti in eleifend', '품절', '2021-07-20 00:00:00', '2021-09-23 00:00:00'),
	(869, '194298358-1', '소설', 'Daltfresh', 'Jakob', 'Thoughtblab', 869, 954, 'noimage.jpg', 'eleifend pede libero quis orci nullam molestie nibh in lectus pellentesque at nulla suspendisse potenti cras', '품절', '2021-01-08 00:00:00', '2021-09-23 00:00:00'),
	(870, '816635889-1', '만화', 'Tres-Zap', 'Darcy', 'Nlounge', 870, 952, 'noimage.jpg', 'diam erat fermentum justo nec condimentum neque sapien placerat ante', '절판', '2020-12-21 00:00:00', '2021-09-23 00:00:00'),
	(871, '007099012-3', '경제', 'Ventosanzap', 'Sheffield', 'Gabcube', 871, 712, 'noimage.jpg', 'aenean lectus pellentesque eget nunc donec quis orci eget orci vehicula condimentum curabitur in libero ut massa volutpat convallis', '구편절판', '2020-10-10 00:00:00', '2021-09-23 00:00:00'),
	(872, '719665120-0', '외국어', 'Tempsoft', 'Flint', 'Photobug', 872, 930, 'noimage.jpg', 'gravida nisi at nibh in hac habitasse platea dictumst aliquam augue quam sollicitudin vitae consectetuer eget rutrum at', '판매중', '2021-01-22 00:00:00', '2021-09-23 00:00:00'),
	(873, '855295635-7', '경제', 'Andalax', 'Saleem', 'Vidoo', 873, 569, 'noimage.jpg', 'rhoncus aliquet pulvinar sed nisl nunc rhoncus dui vel sem sed sagittis nam congue risus semper porta volutpat', '품절', '2020-12-20 00:00:00', '2021-09-23 00:00:00'),
	(874, '398204045-0', '외국어', 'Bytecard', 'Avigdor', 'Flipbug', 874, 339, 'noimage.jpg', 'mauris eget massa tempor convallis nulla neque libero convallis eget eleifend luctus', '구편절판', '2021-01-14 00:00:00', '2021-09-23 00:00:00'),
	(875, '678554633-8', '경제', 'Konklab', 'Morgen', 'Quatz', 875, 674, 'noimage.jpg', 'vivamus vestibulum sagittis sapien cum sociis natoque penatibus et magnis dis parturient montes nascetur ridiculus mus etiam vel augue', '판매중', '2021-05-24 00:00:00', '2021-09-23 00:00:00'),
	(876, '239394938-0', '경제', 'Fix San', 'Cathee', 'Kwimbee', 876, 778, 'noimage.jpg', 'gravida nisi at nibh in hac habitasse platea dictumst aliquam augue quam sollicitudin vitae consectetuer', '품절', '2020-12-24 00:00:00', '2021-09-23 00:00:00'),
	(877, '688967063-9', '소설', 'Flexidy', 'Kriste', 'Ntags', 877, 584, 'noimage.jpg', 'sit amet diam in magna bibendum imperdiet nullam orci pede venenatis non sodales sed tincidunt eu', '절판', '2020-10-23 00:00:00', '2021-09-23 00:00:00'),
	(878, '124732625-X', '소설', 'Zaam-Dox', 'Dori', 'Camido', 878, 455, 'noimage.jpg', 'feugiat non pretium quis lectus suspendisse potenti in eleifend quam a odio', '구편절판', '2021-09-06 00:00:00', '2021-09-23 00:00:00'),
	(879, '629096690-1', '소설', 'Tin', 'Lorne', 'Skinix', 879, 379, 'noimage.jpg', 'justo lacinia eget tincidunt eget tempus vel pede morbi porttitor lorem id ligula suspendisse ornare', '절판', '2021-09-15 00:00:00', '2021-09-23 00:00:00'),
	(880, '996901441-2', '여행', 'Cardguard', 'Tadeas', 'Meedoo', 880, 707, 'noimage.jpg', 'commodo placerat praesent blandit nam nulla integer pede justo lacinia eget tincidunt eget tempus vel pede morbi porttitor lorem id', '구편절판', '2020-10-11 00:00:00', '2021-09-23 00:00:00'),
	(881, '127464415-1', '외국어', 'Bamity', 'Keefer', 'Yodo', 881, 788, 'noimage.jpg', 'sapien cum sociis natoque penatibus et magnis dis parturient montes nascetur ridiculus mus etiam', '절판', '2021-05-29 00:00:00', '2021-09-23 00:00:00'),
	(882, '425024694-9', '만화', 'Holdlamis', 'Terrijo', 'Ooba', 882, 677, 'noimage.jpg', 'lectus in est risus auctor sed tristique in tempus sit amet sem fusce consequat nulla nisl', '절판', '2021-02-09 00:00:00', '2021-09-23 00:00:00'),
	(883, '183997295-5', '만화', 'Redhold', 'Reinald', 'Shuffledrive', 883, 386, 'noimage.jpg', 'in quam fringilla rhoncus mauris enim leo rhoncus sed vestibulum', '품절', '2021-05-06 00:00:00', '2021-09-23 00:00:00'),
	(884, '161022825-1', '만화', 'Sonsing', 'Felicia', 'Gigabox', 884, 918, 'noimage.jpg', 'luctus cum sociis natoque penatibus et magnis dis parturient montes nascetur ridiculus mus vivamus vestibulum sagittis sapien cum', '구편절판', '2021-06-19 00:00:00', '2021-09-23 00:00:00'),
	(885, '056075125-7', '외국어', 'Bamity', 'Andriette', 'Vidoo', 885, 368, 'noimage.jpg', 'quam sapien varius ut blandit non interdum in ante vestibulum ante ipsum primis in faucibus', '판매중', '2021-01-12 00:00:00', '2021-09-23 00:00:00'),
	(886, '885435259-4', '경제', 'Wrapsafe', 'Maridel', 'Flipopia', 886, 689, 'noimage.jpg', 'rhoncus dui vel sem sed sagittis nam congue risus semper', '판매중', '2020-11-12 00:00:00', '2021-09-23 00:00:00'),
	(887, '516591395-3', '여행', 'Vagram', 'Flory', 'Yamia', 887, 814, 'noimage.jpg', 'nisl ut volutpat sapien arcu sed augue aliquam erat volutpat in congue', '품절', '2021-06-18 00:00:00', '2021-09-23 00:00:00'),
	(888, '529330334-1', '만화', 'Regrant', 'Leilah', 'Yotz', 888, 367, 'noimage.jpg', 'fermentum justo nec condimentum neque sapien placerat ante nulla justo aliquam quis turpis eget elit sodales', '품절', '2020-12-21 00:00:00', '2021-09-23 00:00:00'),
	(889, '890729897-1', '소설', 'Tresom', 'Erma', 'Skinte', 889, 432, 'noimage.jpg', 'habitasse platea dictumst morbi vestibulum velit id pretium iaculis diam erat', '절판', '2021-04-02 00:00:00', '2021-09-23 00:00:00'),
	(890, '592916941-1', '만화', 'Viva', 'Minor', 'Aibox', 890, 750, 'noimage.jpg', 'in leo maecenas pulvinar lobortis est phasellus sit amet erat nulla tempus vivamus', '품절', '2021-08-20 00:00:00', '2021-09-23 00:00:00'),
	(891, '630889180-0', '만화', 'Alphazap', 'Koo', 'Gigaclub', 891, 543, 'noimage.jpg', 'eget semper rutrum nulla nunc purus phasellus in felis donec semper sapien a libero nam dui proin leo odio porttitor', '구편절판', '2021-05-31 00:00:00', '2021-09-23 00:00:00'),
	(892, '274286021-5', '소설', 'Opela', 'Hyman', 'Yozio', 892, 620, 'noimage.jpg', 'nulla sed accumsan felis ut at dolor quis odio consequat varius integer ac leo pellentesque ultrices mattis', '구편절판', '2021-07-08 00:00:00', '2021-09-23 00:00:00'),
	(893, '494361676-3', '만화', 'Fixflex', 'Karrie', 'Jabbertype', 893, 608, 'noimage.jpg', 'quisque arcu libero rutrum ac lobortis vel dapibus at diam nam', '품절', '2021-07-27 00:00:00', '2021-09-23 00:00:00'),
	(894, '959878284-0', '소설', 'Rank', 'Victor', 'Ntags', 894, 511, 'noimage.jpg', 'orci luctus et ultrices posuere cubilia curae mauris viverra diam vitae quam suspendisse potenti nullam porttitor lacus at turpis donec', '절판', '2021-07-01 00:00:00', '2021-09-23 00:00:00'),
	(895, '236708693-1', '소설', 'Namfix', 'Gerhardine', 'Kaymbo', 895, 583, 'noimage.jpg', 'metus vitae ipsum aliquam non mauris morbi non lectus aliquam sit amet diam in magna bibendum imperdiet nullam', '절판', '2021-04-24 00:00:00', '2021-09-23 00:00:00'),
	(896, '944576751-9', '소설', 'Otcom', 'Timmy', 'Bubblebox', 896, 336, 'noimage.jpg', 'ut massa volutpat convallis morbi odio odio elementum eu interdum eu tincidunt in leo maecenas pulvinar lobortis est phasellus', '구편절판', '2021-07-24 00:00:00', '2021-09-23 00:00:00'),
	(897, '517540649-3', '소설', 'Bamity', 'Laryssa', 'Mymm', 897, 639, 'noimage.jpg', 'vel est donec odio justo sollicitudin ut suscipit a feugiat et eros vestibulum ac est lacinia nisi venenatis', '품절', '2021-04-03 00:00:00', '2021-09-23 00:00:00'),
	(898, '156281364-1', '소설', 'Wrapsafe', 'Franny', 'Zoombox', 898, 180, 'noimage.jpg', 'lectus pellentesque eget nunc donec quis orci eget orci vehicula condimentum curabitur in libero ut massa volutpat convallis morbi odio', '판매중', '2021-07-15 00:00:00', '2021-09-23 00:00:00'),
	(899, '811406820-5', '만화', 'Andalax', 'Stavros', 'Browsedrive', 899, 691, 'noimage.jpg', 'rhoncus mauris enim leo rhoncus sed vestibulum sit amet cursus', '판매중', '2021-06-02 00:00:00', '2021-09-23 00:00:00'),
	(900, '527026138-3', '경제', 'Alpha', 'Darnall', 'Oyoba', 900, 304, 'noimage.jpg', 'mollis molestie lorem quisque ut erat curabitur gravida nisi at nibh in hac habitasse platea dictumst aliquam augue quam sollicitudin', '구편절판', '2021-07-29 00:00:00', '2021-09-23 00:00:00'),
	(901, '966641759-6', '만화', 'Lotstring', 'Even', 'Tanoodle', 901, 880, 'noimage.jpg', 'felis ut at dolor quis odio consequat varius integer ac leo pellentesque ultrices mattis odio', '판매중', '2021-06-09 00:00:00', '2021-09-23 00:00:00'),
	(902, '256386737-1', '경제', 'Biodex', 'Kendal', 'Aimbu', 902, 321, 'noimage.jpg', 'cursus vestibulum proin eu mi nulla ac enim in tempor', '구편절판', '2021-05-28 00:00:00', '2021-09-23 00:00:00'),
	(903, '430647623-5', '소설', 'Flowdesk', 'Faydra', 'Thoughtblab', 903, 897, 'noimage.jpg', 'turpis a pede posuere nonummy integer non velit donec diam neque vestibulum', '판매중', '2021-09-01 00:00:00', '2021-09-23 00:00:00'),
	(904, '497690989-1', '여행', 'Job', 'Tremain', 'Skimia', 904, 352, 'noimage.jpg', 'elit ac nulla sed vel enim sit amet nunc viverra dapibus nulla suscipit ligula in lacus curabitur', '구편절판', '2021-07-03 00:00:00', '2021-09-23 00:00:00'),
	(905, '546896699-9', '경제', 'Asoka', 'Kalindi', 'Lazz', 905, 161, 'noimage.jpg', 'ligula vehicula consequat morbi a ipsum integer a nibh in quis justo maecenas rhoncus aliquam lacus morbi quis tortor', '품절', '2021-01-24 00:00:00', '2021-09-23 00:00:00'),
	(906, '105836874-5', '여행', 'Sonair', 'Koenraad', 'Bluezoom', 906, 236, 'noimage.jpg', 'sed nisl nunc rhoncus dui vel sem sed sagittis nam congue risus semper', '품절', '2021-05-16 00:00:00', '2021-09-23 00:00:00'),
	(907, '600472065-8', '소설', 'Zontrax', 'Mac', 'Twimm', 907, 569, 'noimage.jpg', 'sit amet eleifend pede libero quis orci nullam molestie nibh in lectus pellentesque at nulla suspendisse', '절판', '2020-11-10 00:00:00', '2021-09-23 00:00:00'),
	(908, '798951987-9', '여행', 'Fintone', 'Nichole', 'Buzzbean', 908, 272, 'noimage.jpg', 'tincidunt eget tempus vel pede morbi porttitor lorem id ligula suspendisse ornare', '구편절판', '2021-01-23 00:00:00', '2021-09-23 00:00:00'),
	(909, '345387723-3', '만화', 'Quo Lux', 'Clementius', 'Roombo', 909, 784, 'noimage.jpg', 'curabitur in libero ut massa volutpat convallis morbi odio odio elementum eu interdum eu tincidunt', '절판', '2021-07-24 00:00:00', '2021-09-23 00:00:00'),
	(910, '258338605-0', '여행', 'Latlux', 'Jayne', 'Midel', 910, 429, 'noimage.jpg', 'donec pharetra magna vestibulum aliquet ultrices erat tortor sollicitudin mi sit amet lobortis sapien sapien non mi integer ac neque', '구편절판', '2020-12-29 00:00:00', '2021-09-23 00:00:00'),
	(911, '257894188-2', '경제', 'Vagram', 'Margery', 'Photobug', 911, 961, 'noimage.jpg', 'erat id mauris vulputate elementum nullam varius nulla facilisi cras non velit nec nisi vulputate nonummy maecenas tincidunt lacus at', '품절', '2021-09-06 00:00:00', '2021-09-23 00:00:00'),
	(912, '972022619-6', '여행', 'Subin', 'Carolan', 'Agimba', 912, 730, 'noimage.jpg', 'consequat lectus in est risus auctor sed tristique in tempus sit amet sem fusce consequat nulla', '품절', '2021-06-15 00:00:00', '2021-09-23 00:00:00'),
	(913, '014592094-1', '외국어', 'Hatity', 'Allyson', 'Vimbo', 913, 734, 'noimage.jpg', 'sagittis nam congue risus semper porta volutpat quam pede lobortis ligula', '절판', '2021-05-30 00:00:00', '2021-09-23 00:00:00'),
	(914, '864967727-4', '경제', 'Overhold', 'Ulysses', 'Plajo', 914, 978, 'noimage.jpg', 'lacus purus aliquet at feugiat non pretium quis lectus suspendisse potenti in eleifend quam', '구편절판', '2021-04-18 00:00:00', '2021-09-23 00:00:00'),
	(915, '675601329-7', '만화', 'Voltsillam', 'Katine', 'Blogtags', 915, 409, 'noimage.jpg', 'magnis dis parturient montes nascetur ridiculus mus vivamus vestibulum sagittis sapien', '판매중', '2020-09-26 00:00:00', '2021-09-23 00:00:00'),
	(916, '460680665-6', '외국어', 'Cookley', 'Virgie', 'Miboo', 916, 823, 'noimage.jpg', 'in ante vestibulum ante ipsum primis in faucibus orci luctus et ultrices posuere', '품절', '2020-10-08 00:00:00', '2021-09-23 00:00:00'),
	(917, '930342890-0', '여행', 'Stringtough', 'Cindelyn', 'Ozu', 917, 815, 'noimage.jpg', 'volutpat sapien arcu sed augue aliquam erat volutpat in congue', '절판', '2021-03-22 00:00:00', '2021-09-23 00:00:00'),
	(918, '398910228-1', '경제', 'Greenlam', 'Clerissa', 'Mymm', 918, 958, 'noimage.jpg', 'congue diam id ornare imperdiet sapien urna pretium nisl ut volutpat sapien arcu sed augue aliquam erat', '구편절판', '2021-04-02 00:00:00', '2021-09-23 00:00:00'),
	(919, '238803150-8', '경제', 'Domainer', 'Normie', 'Yacero', 919, 142, 'noimage.jpg', 'et eros vestibulum ac est lacinia nisi venenatis tristique fusce congue diam id ornare imperdiet sapien urna pretium nisl ut', '구편절판', '2021-06-24 00:00:00', '2021-09-23 00:00:00'),
	(920, '564997023-8', '경제', 'Otcom', 'Lissa', 'Tagtune', 920, 237, 'noimage.jpg', 'hac habitasse platea dictumst etiam faucibus cursus urna ut tellus nulla ut erat id mauris', '판매중', '2020-11-09 00:00:00', '2021-09-23 00:00:00'),
	(921, '579577727-7', '여행', 'Fintone', 'Mallory', 'Skinder', 921, 405, 'noimage.jpg', 'leo pellentesque ultrices mattis odio donec vitae nisi nam ultrices libero non mattis pulvinar', '품절', '2020-11-08 00:00:00', '2021-09-23 00:00:00'),
	(922, '435166532-7', '경제', 'Job', 'Francesca', 'Tagpad', 922, 512, 'noimage.jpg', 'ut erat id mauris vulputate elementum nullam varius nulla facilisi cras non velit nec nisi vulputate nonummy', '구편절판', '2020-10-04 00:00:00', '2021-09-23 00:00:00'),
	(923, '929045976-X', '여행', 'Biodex', 'Dal', 'Blogspan', 923, 894, 'noimage.jpg', 'eget tempus vel pede morbi porttitor lorem id ligula suspendisse ornare consequat lectus in est risus', '구편절판', '2021-07-07 00:00:00', '2021-09-23 00:00:00'),
	(924, '096588404-X', '소설', 'Konklux', 'Creighton', 'Shufflester', 924, 606, 'noimage.jpg', 'viverra dapibus nulla suscipit ligula in lacus curabitur at ipsum ac tellus', '품절', '2021-03-08 00:00:00', '2021-09-23 00:00:00'),
	(925, '815262615-5', '여행', 'Aerified', 'Ettie', 'Topicblab', 925, 179, 'noimage.jpg', 'faucibus accumsan odio curabitur convallis duis consequat dui nec nisi volutpat eleifend donec ut dolor morbi vel lectus in quam', '판매중', '2021-05-05 00:00:00', '2021-09-23 00:00:00'),
	(926, '299019773-7', '만화', 'Trippledex', 'Robinson', 'Pixonyx', 926, 225, 'noimage.jpg', 'aliquet massa id lobortis convallis tortor risus dapibus augue vel accumsan tellus nisi eu orci', '품절', '2021-01-23 00:00:00', '2021-09-23 00:00:00'),
	(927, '920261374-5', '경제', 'Veribet', 'Ame', 'Gabtune', 927, 519, 'noimage.jpg', 'id justo sit amet sapien dignissim vestibulum vestibulum ante ipsum primis in faucibus orci luctus et ultrices', '구편절판', '2021-03-14 00:00:00', '2021-09-23 00:00:00'),
	(928, '792472503-2', '외국어', 'Opela', 'Tadd', 'Feednation', 928, 390, 'noimage.jpg', 'duis aliquam convallis nunc proin at turpis a pede posuere nonummy integer non velit donec diam neque vestibulum eget', '절판', '2021-03-11 00:00:00', '2021-09-23 00:00:00'),
	(929, '681600922-3', '소설', 'Solarbreeze', 'Rosmunda', 'Buzzshare', 929, 268, 'noimage.jpg', 'lectus in quam fringilla rhoncus mauris enim leo rhoncus sed vestibulum sit amet cursus', '구편절판', '2021-01-07 00:00:00', '2021-09-23 00:00:00'),
	(930, '999421521-3', '경제', 'Voyatouch', 'Karisa', 'Yakijo', 930, 675, 'noimage.jpg', 'non quam nec dui luctus rutrum nulla tellus in sagittis dui vel nisl', '판매중', '2021-03-02 00:00:00', '2021-09-23 00:00:00'),
	(931, '197221402-0', '외국어', 'Latlux', 'Romy', 'Eare', 931, 831, 'noimage.jpg', 'mattis egestas metus aenean fermentum donec ut mauris eget massa tempor convallis nulla neque libero convallis eget eleifend luctus ultricies', '품절', '2020-12-15 00:00:00', '2021-09-23 00:00:00'),
	(932, '702302227-9', '만화', 'Viva', 'Kelly', 'Jaxworks', 932, 739, 'noimage.jpg', 'semper porta volutpat quam pede lobortis ligula sit amet eleifend pede libero quis orci nullam molestie nibh in lectus', '판매중', '2021-01-10 00:00:00', '2021-09-23 00:00:00'),
	(933, '133712907-0', '외국어', 'Tin', 'Giselle', 'Devify', 933, 159, 'noimage.jpg', 'in blandit ultrices enim lorem ipsum dolor sit amet consectetuer adipiscing elit', '절판', '2020-10-03 00:00:00', '2021-09-23 00:00:00'),
	(934, '415914010-6', '만화', 'Cardguard', 'Alphard', 'Lazz', 934, 774, 'noimage.jpg', 'et tempus semper est quam pharetra magna ac consequat metus sapien ut nunc', '절판', '2021-06-05 00:00:00', '2021-09-23 00:00:00'),
	(935, '007311849-4', '경제', 'Home Ing', 'Salvador', 'Devshare', 935, 819, 'noimage.jpg', 'risus semper porta volutpat quam pede lobortis ligula sit amet eleifend pede libero quis orci nullam molestie nibh in lectus', '구편절판', '2021-08-29 00:00:00', '2021-09-23 00:00:00'),
	(936, '818033827-4', '여행', 'Fintone', 'Dinny', 'Kayveo', 936, 414, 'noimage.jpg', 'sollicitudin mi sit amet lobortis sapien sapien non mi integer ac neque duis bibendum morbi', '품절', '2020-11-23 00:00:00', '2021-09-23 00:00:00'),
	(937, '427521195-2', '외국어', 'Stringtough', 'Alexia', 'Kwideo', 937, 984, 'noimage.jpg', 'adipiscing elit proin risus praesent lectus vestibulum quam sapien varius ut blandit non interdum in ante vestibulum ante', '판매중', '2020-12-30 00:00:00', '2021-09-23 00:00:00'),
	(938, '263122497-3', '외국어', 'Asoka', 'Korrie', 'Devpoint', 938, 210, 'noimage.jpg', 'pede ac diam cras pellentesque volutpat dui maecenas tristique est et tempus', '절판', '2021-04-22 00:00:00', '2021-09-23 00:00:00'),
	(939, '841946341-8', '여행', 'Tres-Zap', 'Rheta', 'Yozio', 939, 678, 'noimage.jpg', 'quis orci nullam molestie nibh in lectus pellentesque at nulla suspendisse potenti cras in purus eu', '구편절판', '2021-05-19 00:00:00', '2021-09-23 00:00:00'),
	(940, '869630830-1', '외국어', 'Daltfresh', 'Raven', 'Realcube', 940, 634, 'noimage.jpg', 'posuere metus vitae ipsum aliquam non mauris morbi non lectus aliquam sit amet diam in magna', '판매중', '2021-05-17 00:00:00', '2021-09-23 00:00:00'),
	(941, '805100351-9', '소설', 'Daltfresh', 'Rhett', 'Miboo', 941, 479, 'noimage.jpg', 'dignissim vestibulum vestibulum ante ipsum primis in faucibus orci luctus et ultrices posuere cubilia', '품절', '2021-03-14 00:00:00', '2021-09-23 00:00:00'),
	(942, '372401977-7', '외국어', 'Zathin', 'Delaney', 'Jabbercube', 942, 838, 'noimage.jpg', 'dis parturient montes nascetur ridiculus mus vivamus vestibulum sagittis sapien cum sociis natoque penatibus et magnis dis parturient', '절판', '2020-12-09 00:00:00', '2021-09-23 00:00:00'),
	(943, '324065599-3', '경제', 'Regrant', 'Gerrie', 'Reallinks', 943, 295, 'noimage.jpg', 'iaculis diam erat fermentum justo nec condimentum neque sapien placerat ante nulla justo aliquam quis', '구편절판', '2021-08-27 00:00:00', '2021-09-23 00:00:00'),
	(944, '495094856-3', '여행', 'Bitwolf', 'Waring', 'Tagpad', 944, 353, 'noimage.jpg', 'congue elementum in hac habitasse platea dictumst morbi vestibulum velit id pretium iaculis diam erat', '품절', '2021-05-19 00:00:00', '2021-09-23 00:00:00'),
	(945, '377230741-8', '경제', 'Sub-Ex', 'Corabella', 'Topicblab', 945, 372, 'noimage.jpg', 'iaculis justo in hac habitasse platea dictumst etiam faucibus cursus urna ut tellus', '판매중', '2021-01-16 00:00:00', '2021-09-23 00:00:00'),
	(946, '306406661-7', '외국어', 'Opela', 'Dunstan', 'Meezzy', 946, 228, 'noimage.jpg', 'id justo sit amet sapien dignissim vestibulum vestibulum ante ipsum primis in faucibus orci luctus et ultrices', '절판', '2020-11-16 00:00:00', '2021-09-23 00:00:00'),
	(947, '103765938-4', '여행', 'Hatity', 'Stanley', 'Devpulse', 947, 239, 'noimage.jpg', 'in sagittis dui vel nisl duis ac nibh fusce lacus purus aliquet at feugiat non pretium quis lectus suspendisse', '품절', '2021-06-22 00:00:00', '2021-09-23 00:00:00'),
	(948, '877624229-3', '외국어', 'Stronghold', 'Cammi', 'Kamba', 948, 487, 'noimage.jpg', 'fusce consequat nulla nisl nunc nisl duis bibendum felis sed interdum venenatis turpis enim blandit', '구편절판', '2021-09-22 00:00:00', '2021-09-23 00:00:00'),
	(949, '584710736-6', '경제', 'Fintone', 'Allyce', 'Wordpedia', 949, 753, 'noimage.jpg', 'in hac habitasse platea dictumst maecenas ut massa quis augue luctus', '구편절판', '2020-12-18 00:00:00', '2021-09-23 00:00:00'),
	(950, '296093362-1', '외국어', 'Bytecard', 'Hildagarde', 'Oyope', 950, 702, 'noimage.jpg', 'nulla ultrices aliquet maecenas leo odio condimentum id luctus nec molestie sed justo', '품절', '2021-04-28 00:00:00', '2021-09-23 00:00:00'),
	(951, '967269303-6', '경제', 'Bigtax', 'Carolann', 'Blogspan', 951, 851, 'noimage.jpg', 'elit proin interdum mauris non ligula pellentesque ultrices phasellus id sapien in sapien iaculis', '판매중', '2021-09-12 00:00:00', '2021-09-23 00:00:00'),
	(952, '509135094-2', '여행', 'Bitchip', 'Stanley', 'Edgeclub', 952, 113, 'noimage.jpg', 'elementum nullam varius nulla facilisi cras non velit nec nisi', '판매중', '2021-06-13 00:00:00', '2021-09-23 00:00:00'),
	(953, '000840540-9', '여행', 'Flowdesk', 'Marianne', 'Topdrive', 953, 314, 'noimage.jpg', 'maecenas ut massa quis augue luctus tincidunt nulla mollis molestie lorem quisque ut erat curabitur gravida nisi', '품절', '2021-05-22 00:00:00', '2021-09-23 00:00:00'),
	(954, '934051333-9', '소설', 'Zamit', 'Elliott', 'Agivu', 954, 821, 'noimage.jpg', 'commodo vulputate justo in blandit ultrices enim lorem ipsum dolor', '절판', '2021-01-27 00:00:00', '2021-09-23 00:00:00'),
	(955, '881087232-0', '외국어', 'Zaam-Dox', 'Luz', 'Vinder', 955, 470, 'noimage.jpg', 'eu tincidunt in leo maecenas pulvinar lobortis est phasellus sit amet erat nulla tempus vivamus in felis eu', '품절', '2021-02-28 00:00:00', '2021-09-23 00:00:00'),
	(956, '166477030-5', '경제', 'Pannier', 'Madge', 'Gabvine', 956, 314, 'noimage.jpg', 'dis parturient montes nascetur ridiculus mus vivamus vestibulum sagittis sapien cum sociis natoque', '판매중', '2021-03-26 00:00:00', '2021-09-23 00:00:00'),
	(957, '494404356-2', '경제', 'Transcof', 'Chantal', 'Feednation', 957, 612, 'noimage.jpg', 'faucibus accumsan odio curabitur convallis duis consequat dui nec nisi volutpat eleifend donec ut dolor morbi vel lectus in quam', '구편절판', '2021-03-19 00:00:00', '2021-09-23 00:00:00'),
	(958, '895979882-7', '만화', 'Domainer', 'Mariellen', 'Agivu', 958, 223, 'noimage.jpg', 'amet justo morbi ut odio cras mi pede malesuada in imperdiet et commodo vulputate', '구편절판', '2020-12-17 00:00:00', '2021-09-23 00:00:00'),
	(959, '080249360-2', '여행', 'Bitwolf', 'Kaja', 'Quaxo', 959, 993, 'noimage.jpg', 'hendrerit at vulputate vitae nisl aenean lectus pellentesque eget nunc donec quis orci eget orci vehicula condimentum', '구편절판', '2021-01-20 00:00:00', '2021-09-23 00:00:00'),
	(960, '175209709-2', '외국어', 'Bytecard', 'Druci', 'Topicstorm', 960, 339, 'noimage.jpg', 'mauris non ligula pellentesque ultrices phasellus id sapien in sapien iaculis', '구편절판', '2021-05-18 00:00:00', '2021-09-23 00:00:00'),
	(961, '861540002-4', '외국어', 'Gembucket', 'Anissa', 'Feedfish', 961, 446, 'noimage.jpg', 'massa id lobortis convallis tortor risus dapibus augue vel accumsan tellus nisi eu orci mauris lacinia sapien', '품절', '2020-12-25 00:00:00', '2021-09-23 00:00:00'),
	(962, '624279241-9', '소설', 'Lotlux', 'Gladi', 'Oba', 962, 725, 'noimage.jpg', 'mauris sit amet eros suspendisse accumsan tortor quis turpis sed ante vivamus tortor duis mattis egestas metus', '판매중', '2021-05-21 00:00:00', '2021-09-23 00:00:00'),
	(963, '123278313-7', '외국어', 'Ronstring', 'Marietta', 'Yabox', 963, 767, 'noimage.jpg', 'sed lacus morbi sem mauris laoreet ut rhoncus aliquet pulvinar sed nisl nunc rhoncus dui vel', '절판', '2021-07-03 00:00:00', '2021-09-23 00:00:00'),
	(964, '322715822-1', '여행', 'Stim', 'Winny', 'Yodo', 964, 639, 'noimage.jpg', 'quam suspendisse potenti nullam porttitor lacus at turpis donec posuere metus vitae ipsum aliquam non mauris morbi non lectus aliquam', '절판', '2021-04-02 00:00:00', '2021-09-23 00:00:00'),
	(965, '276134381-6', '여행', 'Regrant', 'Sileas', 'Talane', 965, 940, 'noimage.jpg', 'eu magna vulputate luctus cum sociis natoque penatibus et magnis dis parturient montes nascetur ridiculus mus', '절판', '2021-08-23 00:00:00', '2021-09-23 00:00:00'),
	(966, '345448485-5', '만화', 'Kanlam', 'Vasilis', 'Thoughtbeat', 966, 356, 'noimage.jpg', 'nulla sed vel enim sit amet nunc viverra dapibus nulla suscipit ligula in', '구편절판', '2021-05-24 00:00:00', '2021-09-23 00:00:00'),
	(967, '584889574-0', '외국어', 'Namfix', 'Anne-marie', 'Linklinks', 967, 884, 'noimage.jpg', 'cursus urna ut tellus nulla ut erat id mauris vulputate elementum', '절판', '2021-08-02 00:00:00', '2021-09-23 00:00:00'),
	(968, '098136526-4', '외국어', 'Temp', 'Ferris', 'Skaboo', 968, 867, 'noimage.jpg', 'iaculis justo in hac habitasse platea dictumst etiam faucibus cursus urna ut tellus nulla ut erat id mauris vulputate', '판매중', '2020-10-26 00:00:00', '2021-09-23 00:00:00'),
	(969, '187808321-X', '경제', 'Regrant', 'Evvy', 'Riffwire', 969, 969, 'noimage.jpg', 'sem sed sagittis nam congue risus semper porta volutpat quam pede lobortis ligula sit amet eleifend pede libero quis orci', '품절', '2020-12-25 00:00:00', '2021-09-23 00:00:00'),
	(970, '814875024-6', '외국어', 'Hatity', 'Carlina', 'Bluejam', 970, 229, 'noimage.jpg', 'lectus pellentesque at nulla suspendisse potenti cras in purus eu magna vulputate luctus', '품절', '2021-03-02 00:00:00', '2021-09-23 00:00:00'),
	(971, '665250270-4', '외국어', 'Bytecard', 'Thaine', 'Twiyo', 971, 890, 'noimage.jpg', 'sapien iaculis congue vivamus metus arcu adipiscing molestie hendrerit at vulputate vitae nisl aenean', '품절', '2021-02-06 00:00:00', '2021-09-23 00:00:00'),
	(972, '806039877-6', '만화', 'Subin', 'Rozina', 'Dynazzy', 972, 571, 'noimage.jpg', 'condimentum id luctus nec molestie sed justo pellentesque viverra pede ac diam cras', '구편절판', '2021-09-01 00:00:00', '2021-09-23 00:00:00'),
	(973, '809787912-3', '만화', 'Fixflex', 'Woody', 'Wordware', 973, 658, 'noimage.jpg', 'sagittis sapien cum sociis natoque penatibus et magnis dis parturient montes nascetur', '품절', '2021-09-09 00:00:00', '2021-09-23 00:00:00'),
	(974, '701387683-6', '외국어', 'Bitchip', 'Lexy', 'Brainsphere', 974, 730, 'noimage.jpg', 'at ipsum ac tellus semper interdum mauris ullamcorper purus sit amet nulla quisque arcu libero rutrum ac', '품절', '2021-08-07 00:00:00', '2021-09-23 00:00:00'),
	(975, '695018463-8', '만화', 'Hatity', 'Aurlie', 'Skajo', 975, 895, 'noimage.jpg', 'justo nec condimentum neque sapien placerat ante nulla justo aliquam quis turpis eget elit sodales scelerisque', '품절', '2020-10-16 00:00:00', '2021-09-23 00:00:00'),
	(976, '792301142-7', '여행', 'Voyatouch', 'Christye', 'Trupe', 976, 307, 'noimage.jpg', 'ut nulla sed accumsan felis ut at dolor quis odio consequat varius integer ac', '구편절판', '2020-12-21 00:00:00', '2021-09-23 00:00:00'),
	(977, '234365769-6', '외국어', 'Rank', 'Devlin', 'Meemm', 977, 144, 'noimage.jpg', 'vivamus vestibulum sagittis sapien cum sociis natoque penatibus et magnis dis', '품절', '2021-01-14 00:00:00', '2021-09-23 00:00:00'),
	(978, '676360660-5', '경제', 'Asoka', 'Winfield', 'Katz', 978, 756, 'noimage.jpg', 'auctor gravida sem praesent id massa id nisl venenatis lacinia', '판매중', '2021-08-28 00:00:00', '2021-09-23 00:00:00'),
	(979, '810997023-0', '소설', 'Temp', 'Bari', 'Oodoo', 979, 243, 'noimage.jpg', 'vulputate vitae nisl aenean lectus pellentesque eget nunc donec quis orci eget orci vehicula', '품절', '2021-01-22 00:00:00', '2021-09-23 00:00:00'),
	(980, '604284955-7', '외국어', 'Hatity', 'Amory', 'Twinte', 980, 558, 'noimage.jpg', 'justo sit amet sapien dignissim vestibulum vestibulum ante ipsum primis in', '절판', '2021-05-30 00:00:00', '2021-09-23 00:00:00'),
	(981, '176637969-9', '소설', 'Stronghold', 'Ardelia', 'Kwilith', 981, 925, 'noimage.jpg', 'faucibus orci luctus et ultrices posuere cubilia curae donec pharetra magna vestibulum aliquet ultrices erat tortor sollicitudin mi sit', '절판', '2020-12-15 00:00:00', '2021-09-23 00:00:00'),
	(982, '920080110-2', '경제', 'Zontrax', 'Annie', 'Yotz', 982, 164, 'noimage.jpg', 'libero convallis eget eleifend luctus ultricies eu nibh quisque id justo sit amet sapien dignissim', '구편절판', '2020-11-27 00:00:00', '2021-09-23 00:00:00'),
	(983, '139374309-9', '외국어', 'Gembucket', 'Sonja', 'Yabox', 983, 577, 'noimage.jpg', 'donec posuere metus vitae ipsum aliquam non mauris morbi non lectus aliquam sit amet diam in magna bibendum imperdiet', '판매중', '2021-08-24 00:00:00', '2021-09-23 00:00:00'),
	(984, '456069687-X', '외국어', 'Fixflex', 'Gregor', 'Brightdog', 984, 618, 'noimage.jpg', 'consequat ut nulla sed accumsan felis ut at dolor quis odio', '품절', '2021-02-19 00:00:00', '2021-09-23 00:00:00'),
	(985, '140929234-7', '만화', 'Lotlux', 'Chelsy', 'Topicstorm', 985, 199, 'noimage.jpg', 'nulla eget eros elementum pellentesque quisque porta volutpat erat quisque erat eros viverra eget congue eget semper rutrum nulla nunc', '절판', '2021-05-08 00:00:00', '2021-09-23 00:00:00'),
	(986, '405892139-0', '외국어', 'Zathin', 'Anderea', 'JumpXS', 986, 341, 'noimage.jpg', 'leo odio condimentum id luctus nec molestie sed justo pellentesque viverra pede ac', '절판', '2021-02-10 00:00:00', '2021-09-23 00:00:00'),
	(987, '858827658-5', '소설', 'Treeflex', 'Leah', 'Tekfly', 987, 801, 'noimage.jpg', 'etiam pretium iaculis justo in hac habitasse platea dictumst etiam faucibus cursus', '판매중', '2021-04-27 00:00:00', '2021-09-23 00:00:00'),
	(988, '407457021-1', '경제', 'Cardguard', 'Ferdie', 'Jabbertype', 988, 510, 'noimage.jpg', 'bibendum morbi non quam nec dui luctus rutrum nulla tellus', '절판', '2020-11-29 00:00:00', '2021-09-23 00:00:00'),
	(989, '451993016-2', '소설', 'Zathin', 'Ax', 'Oodoo', 989, 101, 'noimage.jpg', 'ut suscipit a feugiat et eros vestibulum ac est lacinia nisi venenatis', '절판', '2020-12-24 00:00:00', '2021-09-23 00:00:00'),
	(990, '462393274-5', '경제', 'Latlux', 'Gardner', 'Jatri', 990, 474, 'noimage.jpg', 'ante nulla justo aliquam quis turpis eget elit sodales scelerisque mauris', '품절', '2020-11-01 00:00:00', '2021-09-23 00:00:00'),
	(991, '517812748-X', '외국어', 'Bitchip', 'Evangeline', 'Voonder', 991, 148, 'noimage.jpg', 'eleifend luctus ultricies eu nibh quisque id justo sit amet', '구편절판', '2021-07-19 00:00:00', '2021-09-23 00:00:00'),
	(992, '999383363-0', '여행', 'Y-Solowarm', 'Monro', 'Riffpedia', 992, 266, 'noimage.jpg', 'at vulputate vitae nisl aenean lectus pellentesque eget nunc donec quis orci eget', '품절', '2021-05-12 00:00:00', '2021-09-23 00:00:00'),
	(993, '252819621-0', '경제', 'Fix San', 'Talya', 'Lajo', 993, 455, 'noimage.jpg', 'metus aenean fermentum donec ut mauris eget massa tempor convallis nulla neque libero', '품절', '2020-10-26 00:00:00', '2021-09-23 00:00:00'),
	(994, '506908935-8', '소설', 'Latlux', 'Arnie', 'Quimm', 994, 110, 'noimage.jpg', 'ut blandit non interdum in ante vestibulum ante ipsum primis in faucibus orci luctus et ultrices posuere cubilia', '구편절판', '2021-06-03 00:00:00', '2021-09-23 00:00:00'),
	(995, '547655639-7', '경제', 'Keylex', 'Genna', 'Devshare', 995, 679, 'noimage.jpg', 'pharetra magna vestibulum aliquet ultrices erat tortor sollicitudin mi sit amet lobortis sapien sapien', '판매중', '2021-06-12 00:00:00', '2021-09-23 00:00:00'),
	(996, '098783990-X', '경제', 'Konklux', 'Siusan', 'Mycat', 996, 471, 'noimage.jpg', 'sagittis dui vel nisl duis ac nibh fusce lacus purus', '구편절판', '2021-04-12 00:00:00', '2021-09-23 00:00:00'),
	(997, '348249494-0', '외국어', 'Y-find', 'Alikee', 'Skyvu', 997, 143, 'noimage.jpg', 'nam ultrices libero non mattis pulvinar nulla pede ullamcorper augue a suscipit nulla elit', '구편절판', '2021-08-28 00:00:00', '2021-09-23 00:00:00'),
	(998, '081927312-0', '여행', 'Cardify', 'Vin', 'Photojam', 998, 813, 'noimage.jpg', 'habitasse platea dictumst etiam faucibus cursus urna ut tellus nulla ut erat id mauris vulputate', '품절', '2021-08-30 00:00:00', '2021-09-23 00:00:00'),
	(999, '109598228-1', '여행', 'Zoolab', 'Nolly', 'Yodel', 999, 277, 'noimage.jpg', 'venenatis non sodales sed tincidunt eu felis fusce posuere felis sed lacus morbi sem', '절판', '2020-10-09 00:00:00', '2021-09-23 00:00:00'),
	(1000, '336076963-5', '경제', 'Toughjoyfax', 'Josey', 'Dabfeed', 1000, 719, 'noimage.jpg', 'vitae ipsum aliquam non mauris morbi non lectus aliquam sit', '구편절판', '2021-08-25 00:00:00', '2021-09-23 00:00:00'),
	(1002, '156457876', 'test', 'testT1001', 'testA1001', 'testC1001', 1234, 10000, 'noimage.jpg', 'asfafsadasd', '판매중', '2021-09-24 16:30:29', '2021-10-12 21:57:45'),
	(1003, 'test1', 'test', 'test1', 'test1', 'test1', 1234, 1234, 'noimage.jpg', 'test1', '판매중', '2021-10-12 20:45:42', '2021-10-12 20:45:42');
/*!40000 ALTER TABLE `ebook` ENABLE KEYS */;

-- 테이블 shop.member 구조 내보내기
DROP TABLE IF EXISTS `member`;
CREATE TABLE IF NOT EXISTS `member` (
  `member_no` int(11) NOT NULL AUTO_INCREMENT,
  `member_id` varchar(50) NOT NULL,
  `member_pw` varchar(200) NOT NULL,
  `member_level` int(11) NOT NULL,
  `member_name` varchar(50) NOT NULL,
  `member_age` int(11) NOT NULL,
  `member_gender` enum('남','여') NOT NULL,
  `update_date` datetime NOT NULL,
  `create_date` datetime NOT NULL,
  PRIMARY KEY (`member_no`),
  UNIQUE KEY `member_id` (`member_id`)
) ENGINE=InnoDB AUTO_INCREMENT=106 DEFAULT CHARSET=utf8mb3;

-- 테이블 데이터 shop.member:~101 rows (대략적) 내보내기
DELETE FROM `member`;
/*!40000 ALTER TABLE `member` DISABLE KEYS */;
INSERT INTO `member` (`member_no`, `member_id`, `member_pw`, `member_level`, `member_name`, `member_age`, `member_gender`, `update_date`, `create_date`) VALUES
	(1, 'admin', '*A4B6157319038724E3560894F7F932C8886EBFCF', 2, '관리자', 20, '남', '2021-09-14 16:45:13', '2021-09-14 16:45:13'),
	(2, 'goodee', '*A4B6157319038724E3560894F7F932C8886EBFCF', 0, '구디', 12, '남', '2021-09-14 17:41:58', '2021-09-14 17:41:58'),
	(3, 'test3', '*A4B6157319038724E3560894F7F932C8886EBFCF', 0, 'test3A', 21, '여', '2021-09-14 18:08:05', '2021-09-14 18:08:05'),
	(4, 'test4', '*A4B6157319038724E3560894F7F932C8886EBFCF', 0, 'test4444', 52, '남', '2021-09-14 18:19:15', '2021-09-14 18:19:15'),
	(7, '396904017-5', '*A4B6157319038724E3560894F7F932C8886EBFCF', 1, 'EstPhasellusSit.avi', 87, '여', '2021-09-15 00:00:00', '2021-09-15 00:00:00'),
	(8, '627328805-4', '*A4B6157319038724E3560894F7F932C8886EBFCF', 0, 'EratVestibulum.doc', 13, '여', '2021-09-15 00:00:00', '2021-09-15 00:00:00'),
	(9, '827557851-5', '*A4B6157319038724E3560894F7F932C8886EBFCF', 0, 'VitaeIpsum.jpeg', 62, '남', '2021-09-15 00:00:00', '2021-09-15 00:00:00'),
	(10, '972614253-9', '*A4B6157319038724E3560894F7F932C8886EBFCF', 0, 'AliquamEratVolutpat.avi', 40, '여', '2021-09-15 00:00:00', '2021-09-15 00:00:00'),
	(11, 'ctest', '*A4B6157319038724E3560894F7F932C8886EBFCF', 0, 'TellusNisi.ppt', 62, '남', '2021-09-15 00:00:00', '2021-09-15 00:00:00'),
	(12, '945501629-X', '*A4B6157319038724E3560894F7F932C8886EBFCF', 0, 'AtTurpis.tiff', 76, '여', '2021-09-15 00:00:00', '2021-09-15 00:00:00'),
	(13, '798758592-0', '*A4B6157319038724E3560894F7F932C8886EBFCF', 0, 'Platea.doc', 30, '여', '2021-09-15 00:00:00', '2021-09-15 00:00:00'),
	(17, '692539277-X', '*A4B6157319038724E3560894F7F932C8886EBFCF', 0, 'Nulla.txt', 50, '여', '2021-09-15 00:00:00', '2021-09-15 00:00:00'),
	(18, '336007411-4', '*A4B6157319038724E3560894F7F932C8886EBFCF', 0, 'AliquamLacus.ppt', 22, '남', '2021-09-15 00:00:00', '2021-09-15 00:00:00'),
	(19, '317290313-3', '*A4B6157319038724E3560894F7F932C8886EBFCF', 0, 'SitAmetNulla.tiff', 49, '남', '2021-09-15 00:00:00', '2021-09-15 00:00:00'),
	(20, '919779356-6', '*A4B6157319038724E3560894F7F932C8886EBFCF', 0, 'NullamOrciPede.avi', 57, '여', '2021-09-15 00:00:00', '2021-09-15 00:00:00'),
	(21, '550238568-X', '*A4B6157319038724E3560894F7F932C8886EBFCF', 0, 'PedeUllamcorperAugue.png', 23, '여', '2021-09-15 00:00:00', '2021-09-15 00:00:00'),
	(22, '266042777-1', '*A4B6157319038724E3560894F7F932C8886EBFCF', 0, 'PedeAcDiam.avi', 27, '남', '2021-09-15 00:00:00', '2021-09-15 00:00:00'),
	(23, '731117382-5', '*A4B6157319038724E3560894F7F932C8886EBFCF', 0, 'EuFelis.avi', 100, '여', '2021-09-15 00:00:00', '2021-09-15 00:00:00'),
	(24, '841737366-7', '*A4B6157319038724E3560894F7F932C8886EBFCF', 0, 'UtMassa.jpeg', 60, '남', '2021-09-15 00:00:00', '2021-09-15 00:00:00'),
	(25, '989234149-X', '*A4B6157319038724E3560894F7F932C8886EBFCF', 0, 'Ac.mp3', 76, '여', '2021-09-15 00:00:00', '2021-09-15 00:00:00'),
	(26, '678376156-8', '*A4B6157319038724E3560894F7F932C8886EBFCF', 0, 'EuOrci.avi', 59, '남', '2021-09-15 00:00:00', '2021-09-15 00:00:00'),
	(27, '924415469-2', '*A4B6157319038724E3560894F7F932C8886EBFCF', 0, 'MolestieSed.avi', 35, '남', '2021-09-15 00:00:00', '2021-09-15 00:00:00'),
	(28, '167079608-6', '*A4B6157319038724E3560894F7F932C8886EBFCF', 0, 'Sit.avi', 83, '남', '2021-09-15 00:00:00', '2021-09-15 00:00:00'),
	(29, '258873008-6', '*A4B6157319038724E3560894F7F932C8886EBFCF', 0, 'NullaNequeLibero.xls', 88, '여', '2021-09-15 00:00:00', '2021-09-15 00:00:00'),
	(30, '911893760-8', '*A4B6157319038724E3560894F7F932C8886EBFCF', 0, 'Diam.mov', 62, '여', '2021-09-15 00:00:00', '2021-09-15 00:00:00'),
	(31, '183822087-9', '*A4B6157319038724E3560894F7F932C8886EBFCF', 0, 'AcTellus.gif', 73, '여', '2021-09-15 00:00:00', '2021-09-15 00:00:00'),
	(32, '326525617-0', '*A4B6157319038724E3560894F7F932C8886EBFCF', 0, 'Amet.tiff', 56, '남', '2021-09-15 00:00:00', '2021-09-15 00:00:00'),
	(33, '380377780-1', '*A4B6157319038724E3560894F7F932C8886EBFCF', 0, 'Morbi.mp3', 90, '남', '2021-09-15 00:00:00', '2021-09-15 00:00:00'),
	(34, '982521062-1', '*A4B6157319038724E3560894F7F932C8886EBFCF', 0, 'QuamPharetraMagna.mov', 88, '여', '2021-09-15 00:00:00', '2021-09-15 00:00:00'),
	(35, '560592155-X', '*A4B6157319038724E3560894F7F932C8886EBFCF', 0, 'IpsumPrimisIn.jpeg', 80, '여', '2021-09-15 00:00:00', '2021-09-15 00:00:00'),
	(36, '625931955-X', '*A4B6157319038724E3560894F7F932C8886EBFCF', 0, 'Nullam.ppt', 58, '남', '2021-09-15 00:00:00', '2021-09-15 00:00:00'),
	(37, '467172583-5', '*A4B6157319038724E3560894F7F932C8886EBFCF', 0, 'IpsumPrimis.doc', 61, '남', '2021-09-15 00:00:00', '2021-09-15 00:00:00'),
	(38, '410428770-9', '*A4B6157319038724E3560894F7F932C8886EBFCF', 0, 'UtVolutpatSapien.png', 92, '여', '2021-09-15 00:00:00', '2021-09-15 00:00:00'),
	(39, '413991215-4', '*A4B6157319038724E3560894F7F932C8886EBFCF', 0, 'DuisAcNibh.tiff', 47, '남', '2021-09-15 00:00:00', '2021-09-15 00:00:00'),
	(40, '403700531-X', '*A4B6157319038724E3560894F7F932C8886EBFCF', 0, 'OrciEgetOrci.mp3', 84, '여', '2021-09-15 00:00:00', '2021-09-15 00:00:00'),
	(41, '251532746-X', '*A4B6157319038724E3560894F7F932C8886EBFCF', 0, 'EleifendLuctus.avi', 81, '남', '2021-09-15 00:00:00', '2021-09-15 00:00:00'),
	(42, '890792039-7', '*A4B6157319038724E3560894F7F932C8886EBFCF', 0, 'AcLobortis.mpeg', 18, '여', '2021-09-15 00:00:00', '2021-09-15 00:00:00'),
	(43, '320743450-9', '*A4B6157319038724E3560894F7F932C8886EBFCF', 0, 'MiNulla.ppt', 88, '여', '2021-09-15 00:00:00', '2021-09-15 00:00:00'),
	(44, '960298297-7', '*A4B6157319038724E3560894F7F932C8886EBFCF', 0, 'VelitIdPretium.mp3', 31, '남', '2021-09-15 00:00:00', '2021-09-15 00:00:00'),
	(45, '828184204-0', '*A4B6157319038724E3560894F7F932C8886EBFCF', 0, 'IpsumAliquamNon.xls', 22, '남', '2021-09-15 00:00:00', '2021-09-15 00:00:00'),
	(46, '140922327-2', '*A4B6157319038724E3560894F7F932C8886EBFCF', 0, 'Odio.avi', 60, '남', '2021-09-15 00:00:00', '2021-09-15 00:00:00'),
	(47, '316495023-3', '*A4B6157319038724E3560894F7F932C8886EBFCF', 0, 'UllamcorperAugueA.jpeg', 19, '남', '2021-09-15 00:00:00', '2021-09-15 00:00:00'),
	(48, '517781110-7', '*A4B6157319038724E3560894F7F932C8886EBFCF', 0, 'Eleifend.doc', 69, '여', '2021-09-15 00:00:00', '2021-09-15 00:00:00'),
	(49, '931075999-2', '*A4B6157319038724E3560894F7F932C8886EBFCF', 0, 'FaucibusCursus.tiff', 42, '여', '2021-09-15 00:00:00', '2021-09-15 00:00:00'),
	(50, '782979875-3', '*A4B6157319038724E3560894F7F932C8886EBFCF', 0, 'Interdum.xls', 44, '여', '2021-09-15 00:00:00', '2021-09-15 00:00:00'),
	(51, '380451578-9', '*A4B6157319038724E3560894F7F932C8886EBFCF', 0, 'Interdum.png', 32, '여', '2021-09-15 00:00:00', '2021-09-15 00:00:00'),
	(52, '302898879-8', '*A4B6157319038724E3560894F7F932C8886EBFCF', 0, 'DisParturientMontes.mp3', 56, '여', '2021-09-15 00:00:00', '2021-09-15 00:00:00'),
	(53, '169018990-8', '*A4B6157319038724E3560894F7F932C8886EBFCF', 0, 'LacusCurabitur.mp3', 95, '여', '2021-09-15 00:00:00', '2021-09-15 00:00:00'),
	(54, '905119097-2', '*A4B6157319038724E3560894F7F932C8886EBFCF', 0, 'NislUt.mpeg', 52, '남', '2021-09-15 00:00:00', '2021-09-15 00:00:00'),
	(55, '687424339-X', '*A4B6157319038724E3560894F7F932C8886EBFCF', 0, 'AmetNulla.xls', 26, '여', '2021-09-15 00:00:00', '2021-09-15 00:00:00'),
	(56, '160266530-3', '*A4B6157319038724E3560894F7F932C8886EBFCF', 0, 'ConsequatInConsequat.mpeg', 40, '남', '2021-09-15 00:00:00', '2021-09-15 00:00:00'),
	(57, '336791630-7', '*A4B6157319038724E3560894F7F932C8886EBFCF', 0, 'VenenatisTurpisEnim.avi', 25, '여', '2021-09-15 00:00:00', '2021-09-15 00:00:00'),
	(58, '488651936-9', '*A4B6157319038724E3560894F7F932C8886EBFCF', 0, 'NamUltricesLibero.tiff', 74, '남', '2021-09-15 00:00:00', '2021-09-15 00:00:00'),
	(59, '389165402-2', '*A4B6157319038724E3560894F7F932C8886EBFCF', 0, 'VestibulumSed.jpeg', 20, '남', '2021-09-15 00:00:00', '2021-09-15 00:00:00'),
	(60, '418618524-7', '*A4B6157319038724E3560894F7F932C8886EBFCF', 0, 'Rhoncus.xls', 65, '남', '2021-09-15 00:00:00', '2021-09-15 00:00:00'),
	(61, '684995548-9', '*A4B6157319038724E3560894F7F932C8886EBFCF', 0, 'Sollicitudin.gif', 100, '남', '2021-09-15 00:00:00', '2021-09-15 00:00:00'),
	(62, '847884155-5', '*A4B6157319038724E3560894F7F932C8886EBFCF', 0, 'FeugiatEtEros.mp3', 90, '여', '2021-09-15 00:00:00', '2021-09-15 00:00:00'),
	(63, '724653396-6', '*A4B6157319038724E3560894F7F932C8886EBFCF', 0, 'SemperInterdumMauris.jpeg', 41, '여', '2021-09-15 00:00:00', '2021-09-15 00:00:00'),
	(64, '006742948-3', '*A4B6157319038724E3560894F7F932C8886EBFCF', 0, 'TortorEuPede.tiff', 31, '여', '2021-09-15 00:00:00', '2021-09-15 00:00:00'),
	(65, '909622667-4', '*A4B6157319038724E3560894F7F932C8886EBFCF', 0, 'Mauris.png', 95, '여', '2021-09-15 00:00:00', '2021-09-15 00:00:00'),
	(66, '240867212-0', '*A4B6157319038724E3560894F7F932C8886EBFCF', 0, 'LobortisLigulaSit.jpeg', 96, '여', '2021-09-15 00:00:00', '2021-09-15 00:00:00'),
	(67, '416460809-9', '*A4B6157319038724E3560894F7F932C8886EBFCF', 0, 'UtMassaQuis.txt', 10, '남', '2021-09-15 00:00:00', '2021-09-15 00:00:00'),
	(68, '542210882-5', '*A4B6157319038724E3560894F7F932C8886EBFCF', 0, 'Non.jpeg', 84, '남', '2021-09-15 00:00:00', '2021-09-15 00:00:00'),
	(69, '228678030-7', '*A4B6157319038724E3560894F7F932C8886EBFCF', 0, 'Ut.ppt', 54, '남', '2021-09-15 00:00:00', '2021-09-15 00:00:00'),
	(70, '019337792-6', '*A4B6157319038724E3560894F7F932C8886EBFCF', 0, 'Integer.mp3', 40, '남', '2021-09-15 00:00:00', '2021-09-15 00:00:00'),
	(71, '128647855-3', '*A4B6157319038724E3560894F7F932C8886EBFCF', 0, 'InFaucibusOrci.mpeg', 39, '남', '2021-09-15 00:00:00', '2021-09-15 00:00:00'),
	(72, '804935847-X', '*A4B6157319038724E3560894F7F932C8886EBFCF', 0, 'RutrumAt.ppt', 82, '남', '2021-09-15 00:00:00', '2021-09-15 00:00:00'),
	(73, '085145342-2', '*A4B6157319038724E3560894F7F932C8886EBFCF', 0, 'NasceturRidiculus.doc', 67, '남', '2021-09-15 00:00:00', '2021-09-15 00:00:00'),
	(74, '240082042-2', '*A4B6157319038724E3560894F7F932C8886EBFCF', 0, 'NonVelit.avi', 76, '남', '2021-09-15 00:00:00', '2021-09-15 00:00:00'),
	(75, '314142774-7', '*A4B6157319038724E3560894F7F932C8886EBFCF', 0, 'MorbiUt.avi', 72, '여', '2021-09-15 00:00:00', '2021-09-15 00:00:00'),
	(76, '552599667-7', '*A4B6157319038724E3560894F7F932C8886EBFCF', 0, 'AeneanFermentumDonec.xls', 78, '여', '2021-09-15 00:00:00', '2021-09-15 00:00:00'),
	(77, '469450440-1', '*A4B6157319038724E3560894F7F932C8886EBFCF', 0, 'IntegerPede.png', 42, '남', '2021-09-15 00:00:00', '2021-09-15 00:00:00'),
	(78, '399215569-2', '*A4B6157319038724E3560894F7F932C8886EBFCF', 0, 'Volutpat.avi', 55, '남', '2021-09-15 00:00:00', '2021-09-15 00:00:00'),
	(79, '237886691-7', '*A4B6157319038724E3560894F7F932C8886EBFCF', 0, 'CondimentumNeque.tiff', 67, '여', '2021-09-15 00:00:00', '2021-09-15 00:00:00'),
	(80, '585406481-2', '*A4B6157319038724E3560894F7F932C8886EBFCF', 0, 'Dui.doc', 35, '남', '2021-09-15 00:00:00', '2021-09-15 00:00:00'),
	(81, '716595821-5', '*A4B6157319038724E3560894F7F932C8886EBFCF', 0, 'Non.xls', 47, '여', '2021-09-15 00:00:00', '2021-09-15 00:00:00'),
	(82, '540366638-9', '*A4B6157319038724E3560894F7F932C8886EBFCF', 0, 'Congue.avi', 74, '남', '2021-09-15 00:00:00', '2021-09-15 00:00:00'),
	(83, '353273050-2', '*A4B6157319038724E3560894F7F932C8886EBFCF', 0, 'At.jpeg', 79, '여', '2021-09-15 00:00:00', '2021-09-15 00:00:00'),
	(84, '242367816-9', '*A4B6157319038724E3560894F7F932C8886EBFCF', 0, 'AdipiscingElit.txt', 26, '여', '2021-09-15 00:00:00', '2021-09-15 00:00:00'),
	(85, '014176032-X', '*A4B6157319038724E3560894F7F932C8886EBFCF', 0, 'PortaVolutpat.ppt', 44, '남', '2021-09-15 00:00:00', '2021-09-15 00:00:00'),
	(86, '207860160-8', '*A4B6157319038724E3560894F7F932C8886EBFCF', 0, 'LobortisLigula.avi', 16, '남', '2021-09-15 00:00:00', '2021-09-15 00:00:00'),
	(87, '003596861-3', '*A4B6157319038724E3560894F7F932C8886EBFCF', 0, 'EratId.xls', 33, '남', '2021-09-15 00:00:00', '2021-09-15 00:00:00'),
	(88, '733968857-9', '*A4B6157319038724E3560894F7F932C8886EBFCF', 0, 'FermentumJusto.jpeg', 54, '여', '2021-09-15 00:00:00', '2021-09-15 00:00:00'),
	(89, '932074406-8', '*A4B6157319038724E3560894F7F932C8886EBFCF', 0, 'Aliquet.avi', 93, '남', '2021-09-15 00:00:00', '2021-09-15 00:00:00'),
	(90, '757353973-8', '*A4B6157319038724E3560894F7F932C8886EBFCF', 0, 'PenatibusEtMagnis.xls', 47, '남', '2021-09-15 00:00:00', '2021-09-15 00:00:00'),
	(91, '250352354-4', '*A4B6157319038724E3560894F7F932C8886EBFCF', 0, 'Aliquam.mp3', 20, '남', '2021-09-15 00:00:00', '2021-09-15 00:00:00'),
	(92, '259704162-X', '*A4B6157319038724E3560894F7F932C8886EBFCF', 0, 'NisiVenenatisTristique.avi', 68, '남', '2021-09-15 00:00:00', '2021-09-15 00:00:00'),
	(93, '658141454-9', '*A4B6157319038724E3560894F7F932C8886EBFCF', 0, 'TortorDuisMattis.mpeg', 42, '여', '2021-09-15 00:00:00', '2021-09-15 00:00:00'),
	(94, '976105829-8', '*A4B6157319038724E3560894F7F932C8886EBFCF', 0, 'NullamOrciPede.pdf', 71, '남', '2021-09-15 00:00:00', '2021-09-15 00:00:00'),
	(95, '880847614-6', '*A4B6157319038724E3560894F7F932C8886EBFCF', 0, 'PellentesqueEgetNunc.gif', 68, '남', '2021-09-15 00:00:00', '2021-09-15 00:00:00'),
	(96, '893809371-9', '*A4B6157319038724E3560894F7F932C8886EBFCF', 0, 'Sodales.txt', 91, '남', '2021-09-15 00:00:00', '2021-09-15 00:00:00'),
	(97, '765163559-0', '*A4B6157319038724E3560894F7F932C8886EBFCF', 0, 'Platea.mp3', 32, '남', '2021-09-15 00:00:00', '2021-09-15 00:00:00'),
	(98, '360539569-4', '*A4B6157319038724E3560894F7F932C8886EBFCF', 0, 'ParturientMontes.tiff', 55, '여', '2021-09-15 00:00:00', '2021-09-15 00:00:00'),
	(99, '186661131-3', '*A4B6157319038724E3560894F7F932C8886EBFCF', 0, 'Vel.gif', 36, '남', '2021-09-15 00:00:00', '2021-09-15 00:00:00'),
	(100, '144379978-5', '*A4B6157319038724E3560894F7F932C8886EBFCF', 0, 'QuamPedeLobortis.xls', 64, '남', '2021-09-15 00:00:00', '2021-09-15 00:00:00'),
	(101, '115051355-1', '*A4B6157319038724E3560894F7F932C8886EBFCF', 0, 'DiamNamTristique.pdf', 40, '여', '2021-09-15 00:00:00', '2021-09-15 00:00:00'),
	(102, '129387206-7', '*A4B6157319038724E3560894F7F932C8886EBFCF', 0, 'Velit.ppt', 88, '남', '2021-09-15 00:00:00', '2021-09-15 00:00:00'),
	(103, '792874256-X', '*A4B6157319038724E3560894F7F932C8886EBFCF', 0, 'Pede.xls', 65, '여', '2021-09-15 00:00:00', '2021-09-15 00:00:00');
/*!40000 ALTER TABLE `member` ENABLE KEYS */;

-- 테이블 shop.notice 구조 내보내기
DROP TABLE IF EXISTS `notice`;
CREATE TABLE IF NOT EXISTS `notice` (
  `notice_no` int(11) NOT NULL AUTO_INCREMENT,
  `notice_title` varchar(500) NOT NULL,
  `notice_content` text NOT NULL,
  `member_no` int(11) NOT NULL,
  `create_date` datetime NOT NULL,
  `update_date` datetime NOT NULL,
  PRIMARY KEY (`notice_no`)
) ENGINE=InnoDB AUTO_INCREMENT=9 DEFAULT CHARSET=utf8mb3;

-- 테이블 데이터 shop.notice:~3 rows (대략적) 내보내기
DELETE FROM `notice`;
/*!40000 ALTER TABLE `notice` DISABLE KEYS */;
INSERT INTO `notice` (`notice_no`, `notice_title`, `notice_content`, `member_no`, `create_date`, `update_date`) VALUES
	(1, 'First notice test', 'first test notie content', 1, '2021-09-29 10:37:12', '2021-09-29 10:37:13'),
	(2, '2nd notice', '2nd dgbkthtyjbkmjbhbnjng gvgnhy jy tjjrjvj rjrjvjvytjvyj vyjvyjbyj', 1, '2021-09-29 11:18:39', '2021-09-29 11:18:39');
/*!40000 ALTER TABLE `notice` ENABLE KEYS */;

-- 테이블 shop.orders 구조 내보내기
DROP TABLE IF EXISTS `orders`;
CREATE TABLE IF NOT EXISTS `orders` (
  `order_no` int(11) NOT NULL AUTO_INCREMENT,
  `ebook_no` int(11) NOT NULL,
  `member_no` int(11) NOT NULL,
  `order_price` int(11) NOT NULL,
  `order_date` datetime NOT NULL,
  `update_date` datetime NOT NULL,
  PRIMARY KEY (`order_no`)
) ENGINE=InnoDB AUTO_INCREMENT=51 DEFAULT CHARSET=utf8mb3;

-- 테이블 데이터 shop.orders:~50 rows (대략적) 내보내기
DELETE FROM `orders`;
/*!40000 ALTER TABLE `orders` DISABLE KEYS */;
INSERT INTO `orders` (`order_no`, `ebook_no`, `member_no`, `order_price`, `order_date`, `update_date`) VALUES
	(1, 4, 11, 1000, '2021-09-24 00:00:00', '2021-09-24 00:00:00'),
	(2, 7, 12, 1000, '2021-09-24 00:00:00', '2021-09-24 00:00:00'),
	(3, 8, 11, 1000, '2021-09-24 00:00:00', '2021-09-24 00:00:00'),
	(4, 1, 12, 1000, '2021-09-24 00:00:00', '2021-09-24 00:00:00'),
	(5, 9, 7, 1000, '2021-09-24 00:00:00', '2021-09-24 00:00:00'),
	(6, 4, 10, 1000, '2021-09-24 00:00:00', '2021-09-24 00:00:00'),
	(7, 7, 11, 1000, '2021-09-24 00:00:00', '2021-09-24 00:00:00'),
	(8, 10, 7, 1000, '2021-09-24 00:00:00', '2021-09-24 00:00:00'),
	(9, 10, 10, 1000, '2021-09-24 00:00:00', '2021-09-24 00:00:00'),
	(10, 7, 12, 1000, '2021-09-24 00:00:00', '2021-09-24 00:00:00'),
	(11, 2, 12, 1000, '2021-09-24 00:00:00', '2021-09-24 00:00:00'),
	(12, 3, 12, 1000, '2021-09-24 00:00:00', '2021-09-24 00:00:00'),
	(13, 1, 10, 1000, '2021-09-24 00:00:00', '2021-09-24 00:00:00'),
	(14, 4, 9, 1000, '2021-09-24 00:00:00', '2021-09-24 00:00:00'),
	(15, 8, 12, 1000, '2021-09-24 00:00:00', '2021-09-24 00:00:00'),
	(16, 7, 10, 1000, '2021-09-24 00:00:00', '2021-09-24 00:00:00'),
	(17, 7, 9, 1000, '2021-09-24 00:00:00', '2021-09-24 00:00:00'),
	(18, 10, 9, 1000, '2021-09-24 00:00:00', '2021-09-24 00:00:00'),
	(19, 9, 9, 1000, '2021-09-24 00:00:00', '2021-09-24 00:00:00'),
	(20, 7, 10, 1000, '2021-09-24 00:00:00', '2021-09-24 00:00:00'),
	(21, 2, 11, 1000, '2021-09-24 00:00:00', '2021-09-24 00:00:00'),
	(22, 8, 10, 1000, '2021-09-24 00:00:00', '2021-09-24 00:00:00'),
	(23, 10, 11, 1000, '2021-09-24 00:00:00', '2021-09-24 00:00:00'),
	(24, 2, 8, 1000, '2021-09-24 00:00:00', '2021-09-24 00:00:00'),
	(25, 9, 12, 1000, '2021-09-24 00:00:00', '2021-09-24 00:00:00'),
	(26, 7, 10, 1000, '2021-09-24 00:00:00', '2021-09-24 00:00:00'),
	(27, 8, 8, 1000, '2021-09-24 00:00:00', '2021-09-24 00:00:00'),
	(28, 6, 10, 1000, '2021-09-24 00:00:00', '2021-09-24 00:00:00'),
	(29, 1, 9, 1000, '2021-09-24 00:00:00', '2021-09-24 00:00:00'),
	(30, 9, 9, 1000, '2021-09-24 00:00:00', '2021-09-24 00:00:00'),
	(31, 4, 7, 1000, '2021-09-24 00:00:00', '2021-09-24 00:00:00'),
	(32, 4, 11, 1000, '2021-09-24 00:00:00', '2021-09-24 00:00:00'),
	(33, 8, 10, 1000, '2021-09-24 00:00:00', '2021-09-24 00:00:00'),
	(34, 4, 8, 1000, '2021-09-24 00:00:00', '2021-09-24 00:00:00'),
	(35, 3, 12, 1000, '2021-09-24 00:00:00', '2021-09-24 00:00:00'),
	(36, 3, 9, 1000, '2021-09-24 00:00:00', '2021-09-24 00:00:00'),
	(37, 4, 11, 1000, '2021-09-24 00:00:00', '2021-09-24 00:00:00'),
	(38, 7, 10, 1000, '2021-09-24 00:00:00', '2021-09-24 00:00:00'),
	(39, 3, 7, 1000, '2021-09-24 00:00:00', '2021-09-24 00:00:00'),
	(40, 7, 8, 1000, '2021-09-24 00:00:00', '2021-09-24 00:00:00'),
	(41, 4, 12, 1000, '2021-09-24 00:00:00', '2021-09-24 00:00:00'),
	(42, 4, 8, 1000, '2021-09-24 00:00:00', '2021-09-24 00:00:00'),
	(43, 4, 9, 1000, '2021-09-24 00:00:00', '2021-09-24 00:00:00'),
	(44, 2, 9, 1000, '2021-09-24 00:00:00', '2021-09-24 00:00:00'),
	(45, 1, 7, 1000, '2021-09-24 00:00:00', '2021-09-24 00:00:00'),
	(46, 7, 9, 1000, '2021-09-24 00:00:00', '2021-09-24 00:00:00'),
	(47, 2, 12, 1000, '2021-09-24 00:00:00', '2021-09-24 00:00:00'),
	(48, 4, 10, 1000, '2021-09-24 00:00:00', '2021-09-24 00:00:00'),
	(49, 6, 12, 1000, '2021-09-24 00:00:00', '2021-09-24 00:00:00'),
	(50, 1, 12, 1000, '2021-09-24 00:00:00', '2021-09-24 00:00:00');
/*!40000 ALTER TABLE `orders` ENABLE KEYS */;

-- 테이블 shop.order_comment 구조 내보내기
DROP TABLE IF EXISTS `order_comment`;
CREATE TABLE IF NOT EXISTS `order_comment` (
  `order_no` int(11) NOT NULL,
  `ebook_no` int(11) NOT NULL,
  `order_score` int(11) NOT NULL,
  `order_comment_content` text NOT NULL,
  `create_date` datetime NOT NULL,
  `update_date` datetime NOT NULL,
  PRIMARY KEY (`order_no`)
) ENGINE=InnoDB DEFAULT CHARSET=utf8mb3;

-- 테이블 데이터 shop.order_comment:~6 rows (대략적) 내보내기
DELETE FROM `order_comment`;
/*!40000 ALTER TABLE `order_comment` DISABLE KEYS */;
INSERT INTO `order_comment` (`order_no`, `ebook_no`, `order_score`, `order_comment_content`, `create_date`, `update_date`) VALUES
	(2, 7, 2, '별로임...', '2021-09-27 16:47:27', '2021-09-27 16:47:27'),
	(21, 7, 3, 'fff', '2021-09-28 13:41:24', '2021-09-28 13:41:25'),
	(30, 7, 2, 'sssss', '2021-09-28 13:40:52', '2021-09-28 13:40:53'),
	(39, 7, 4, 'ss', '2021-09-28 13:40:40', '2021-09-28 13:40:41'),
	(45, 7, 5, 'ggg', '2021-09-28 13:41:04', '2021-09-28 13:41:05'),
	(56, 7, 4, '33', '2021-09-28 13:41:13', '2021-09-28 13:41:14');
/*!40000 ALTER TABLE `order_comment` ENABLE KEYS */;

-- 테이블 shop.qna 구조 내보내기
DROP TABLE IF EXISTS `qna`;
CREATE TABLE IF NOT EXISTS `qna` (
  `qna_no` int(11) NOT NULL AUTO_INCREMENT,
  `qna_category` enum('전자책관련','개인정보관련','기타') NOT NULL,
  `qna_title` varchar(500) NOT NULL,
  `qna_content` text NOT NULL,
  `qna_secret` enum('Y','N') NOT NULL,
  `member_no` int(11) NOT NULL,
  `create_date` datetime NOT NULL,
  `update_date` datetime NOT NULL,
  PRIMARY KEY (`qna_no`)
) ENGINE=InnoDB AUTO_INCREMENT=13 DEFAULT CHARSET=utf8mb3;

-- 테이블 데이터 shop.qna:~6 rows (대략적) 내보내기
DELETE FROM `qna`;
/*!40000 ALTER TABLE `qna` DISABLE KEYS */;
INSERT INTO `qna` (`qna_no`, `qna_category`, `qna_title`, `qna_content`, `qna_secret`, `member_no`, `create_date`, `update_date`) VALUES
	(1, '전자책관련', 'q1', 'q1', 'N', 90, '2021-09-29 10:37:39', '2021-09-29 10:37:40'),
	(2, '개인정보관련', 'q2', 'q2', 'N', 91, '2021-09-29 10:37:54', '2021-09-29 10:37:55'),
	(8, '개인정보관련', 'q3', 'q3', 'Y', 90, '2021-10-12 22:46:47', '2021-10-12 22:46:48'),
	(9, '전자책관련', 'q4', 'q4', 'Y', 78, '2021-10-12 22:47:02', '2021-10-12 22:47:02'),
	(10, '기타', 'q5', 'q5', 'N', 78, '2021-10-12 22:47:15', '2021-10-12 22:47:16'),
	(11, '전자책관련', 'q6', 'q6', 'N', 87, '2021-10-12 22:47:35', '2021-10-12 22:47:36'),
	(12, '개인정보관련', 'q7', 'q7', 'Y', 78, '2021-10-12 23:47:12', '2021-10-12 23:47:13');
/*!40000 ALTER TABLE `qna` ENABLE KEYS */;

-- 테이블 shop.qna_comment 구조 내보내기
DROP TABLE IF EXISTS `qna_comment`;
CREATE TABLE IF NOT EXISTS `qna_comment` (
  `qna_no` int(11) NOT NULL,
  `qna_comment_content` text NOT NULL,
  `member_no` int(11) NOT NULL,
  `create_date` datetime NOT NULL,
  `update_date` datetime NOT NULL,
  PRIMARY KEY (`qna_no`)
) ENGINE=InnoDB DEFAULT CHARSET=utf8mb3;

-- 테이블 데이터 shop.qna_comment:~4 rows (대략적) 내보내기
DELETE FROM `qna_comment`;
/*!40000 ALTER TABLE `qna_comment` DISABLE KEYS */;
INSERT INTO `qna_comment` (`qna_no`, `qna_comment_content`, `member_no`, `create_date`, `update_date`) VALUES
	(1, 'a1', 1, '2021-09-29 10:39:54', '2021-09-29 10:39:54'),
	(3, 'a3', 1, '2021-09-29 10:40:05', '2021-09-29 10:40:05'),
	(5, 'gredfgergvergvergerrt', 1, '2021-10-01 17:51:17', '2021-10-01 17:51:17'),
	(6, '4231412312', 1, '2021-10-01 17:33:43', '2021-10-01 17:59:04');
/*!40000 ALTER TABLE `qna_comment` ENABLE KEYS */;

/*!40101 SET SQL_MODE=IFNULL(@OLD_SQL_MODE, '') */;
/*!40014 SET FOREIGN_KEY_CHECKS=IFNULL(@OLD_FOREIGN_KEY_CHECKS, 1) */;
/*!40101 SET CHARACTER_SET_CLIENT=@OLD_CHARACTER_SET_CLIENT */;
/*!40111 SET SQL_NOTES=IFNULL(@OLD_SQL_NOTES, 1) */;
